-- MySQL dump 10.13  Distrib 8.0.19, for macos10.15 (x86_64)
--
-- Host: wheatley.cs.up.ac.za    Database: u19304308_IKS_Database
-- ------------------------------------------------------
-- Server version	5.6.38-log

/*!40101 SET @OLD_CHARACTER_SET_CLIENT=@@CHARACTER_SET_CLIENT */;
/*!40101 SET @OLD_CHARACTER_SET_RESULTS=@@CHARACTER_SET_RESULTS */;
/*!40101 SET @OLD_COLLATION_CONNECTION=@@COLLATION_CONNECTION */;
/*!50503 SET NAMES utf8 */;
/*!40103 SET @OLD_TIME_ZONE=@@TIME_ZONE */;
/*!40103 SET TIME_ZONE='+00:00' */;
/*!40014 SET @OLD_UNIQUE_CHECKS=@@UNIQUE_CHECKS, UNIQUE_CHECKS=0 */;
/*!40014 SET @OLD_FOREIGN_KEY_CHECKS=@@FOREIGN_KEY_CHECKS, FOREIGN_KEY_CHECKS=0 */;
/*!40101 SET @OLD_SQL_MODE=@@SQL_MODE, SQL_MODE='NO_AUTO_VALUE_ON_ZERO' */;
/*!40111 SET @OLD_SQL_NOTES=@@SQL_NOTES, SQL_NOTES=0 */;

--
-- Table structure for table `assessment`
--

DROP TABLE IF EXISTS `assessment`;
/*!40101 SET @saved_cs_client     = @@character_set_client */;
/*!50503 SET character_set_client = utf8mb4 */;
CREATE TABLE `assessment` (
  `module_Code` varchar(7) NOT NULL,
  `venue_name` varchar(30) NOT NULL,
  `assessment_Type` varchar(20) NOT NULL,
  `assessment_Date` varchar(45) NOT NULL,
  `assessment_Time` varchar(20) NOT NULL,
  PRIMARY KEY (`module_Code`,`venue_name`,`assessment_Time`,`assessment_Date`),
  KEY `venue_name` (`venue_name`),
  CONSTRAINT `assessment_ibfk_1` FOREIGN KEY (`module_Code`) REFERENCES `module` (`module_Code`),
  CONSTRAINT `assessment_ibfk_2` FOREIGN KEY (`venue_name`) REFERENCES `venue` (`venue_Name`)
) ENGINE=InnoDB DEFAULT CHARSET=utf8;
/*!40101 SET character_set_client = @saved_cs_client */;

--
-- Dumping data for table `assessment`
--

LOCK TABLES `assessment` WRITE;
/*!40000 ALTER TABLE `assessment` DISABLE KEYS */;
INSERT INTO `assessment` VALUES ('BEM120','TBA','Examination','2020-11-12','16:00'),('BEM120','Thuto 1-1','Sem Test 1','2020-08-19','17:30 - 20:00'),('BEM120','Thuto 1-1','Sem Test 2','2020-09-29','17:30 - 20:00'),('BEM120','Thuto 1-1','Sem Test 3','2020-10-22','17:30 - 20:00'),('BEM120','Thuto 1-2','Sem Test 1','2020-08-19','17:30 - 20:00'),('BEM120','Thuto 1-2','Sem Test 2','2020-09-29','17:30 - 20:00'),('BEM120','Thuto 1-2','Sem Test 3','2020-10-22','17:30 - 20:00'),('BEM120','Thuto 3-2','Sem Test 1','2020-08-19','17:30 - 20:00'),('BEM120','Thuto 3-2','Sem Test 2','2020-09-29','17:30 - 20:00'),('BEM120','Thuto 3-2','Sem Test 3','2020-10-22','17:30 - 20:00'),('BEM212','Centenary 1','Sem Test 3','2020-05-14','17:30 - 20:00'),('BEM212','Centenary 6','Sem Test 1','2020-03-02','17:30 - 20:00'),('BEM212','Centenary 6','Sem Test 2','2020-04-06','17:30 - 20:00'),('BEM212','North Hall','Sem Test 3','2020-05-14','17:30 - 20:00'),('BEM212','South Hall','Sem Test 3','2020-05-14','17:30 - 20:00'),('BEM212','TBA','Examination','2020-06-08','16:00'),('BEM212','Thuto 1-1','Sem Test 1','2020-03-02','17:30 - 20:00'),('BEM212','Thuto 1-1','Sem Test 2','2020-04-06','17:30 - 20:00'),('BEM212','Thuto 1-2','Sem Test 1','2020-03-02','17:30 - 20:00'),('BEM212','Thuto 1-2','Sem Test 2','2020-04-06','17:30 - 20:00'),('BME120','Centenary 1','Sem Test 1','2020-08-27','17:30 - 20:00'),('BME120','Centenary 1','Sem Test 2','2020-09-30','17:30 - 20:00'),('BME120','TBA','Examination','2020-11-13','16:00'),('BME120','Thuto 1-1','Sem Test 1','2020-08-27','17:30 - 20:00'),('BME120','Thuto 1-1','Sem Test 2','2020-09-30','17:30 - 20:00'),('BME120','Thuto 1-2','Sem Test 1','2020-08-27','17:30 - 20:00'),('BME120','Thuto 1-2','Sem Test 2','2020-09-30','17:30 - 20:00'),('BME120','Thuto 3-1','Sem Test 1','2020-08-27','17:30 - 20:00'),('BME120','Thuto 3-1','Sem Test 2','2020-09-30','17:30 - 20:00'),('BME120','Thuto 3-2','Sem Test 1','2020-08-27','17:30 - 20:00'),('BME120','Thuto 3-2','Sem Test 2','2020-09-30','17:30 - 20:00'),('BOT161','ENG 3-1','Sem Test 1','2020-08-26','17:30 - 20:00'),('BOT161','ENG 3-2','Sem Test 1','2020-08-26','17:30 - 20:00'),('BOT161','ENG 3-3','Sem Test 1','2020-08-26','17:30 - 20:00'),('BOT161','ENG 3-4','Sem Test 1','2020-08-26','17:30 - 20:00'),('BOT161','ENG 3-6','Sem Test 1','2020-08-26','17:30 - 20:00'),('BOT161','ENG 3-7','Sem Test 1','2020-08-26','17:30 - 20:00'),('BOT161','TBA','Examination','2020-11-03','12:00'),('BOT161','Thuto 1-1','Sem Test 2','2020-10-07','17:30 - 20:00'),('BOT161','Thuto 1-2','Sem Test 2','2020-10-07','17:30 - 20:00'),('BOT161','Thuto 3-1','Sem Test 2','2020-10-07','17:30 - 20:00'),('BOT161','Thuto 3-2','Sem Test 1','2020-08-26','17:30 - 20:00'),('BOT161','Thuto 3-2','Sem Test 2','2020-10-07','17:30 - 20:00'),('BTC361','EMS 4-150','Sem Test 2','2020-10-16','17:30 - 20:00'),('BTC361','IT 2-23','Sem Test 1','2020-08-25','17:30 - 20:00'),('BTC361','TBA','Examination','2020-11-10','08:00'),('COS110','Centenary 1','Sem Test 1','2020-08-15','07:30 - 09:30'),('COS110','Centenary 2','Sem Test 1','2020-08-15','07:30 - 09:30'),('COS110','Centenary 3','Sem Test 1','2020-08-15','07:30 - 09:30'),('COS110','Centenary 4','Sem Test 1','2020-08-15','07:30 - 09:30'),('COS110','Centenary 5','Sem Test 1','2020-08-15','07:30 - 09:30'),('COS110','EMS 2-150','Sem Test 2','2020-10-02','17:30 - 19:30'),('COS110','EMS 2-151','Sem Test 2','2020-10-02','17:30 - 19:30'),('COS110','EMS 4-150','Sem Test 2','2020-10-02','17:30 - 19:30'),('COS110','IT 2-23','Sem Test 2','2020-10-02','17:30 - 19:30'),('COS110','TBA','Examination','2020-11-11','16:00'),('COS122','Centenary 1','Sem Test 2','2020-10-10','07:30 - 09:30'),('COS122','Centenary 1','Sem Test 1','2020-08-22','10:30 - 12:30'),('COS122','Centenary 2','Sem Test 2','2020-10-10','07:30 - 09:30'),('COS122','Centenary 2','Sem Test 1','2020-08-22','10:30 - 12:30'),('COS122','Centenary 3','Sem Test 2','2020-10-10','07:30 - 09:30'),('COS122','Centenary 3','Sem Test 1','2020-08-22','10:30 - 12:30'),('COS122','Centenary 4','Sem Test 2','2020-10-10','07:30 - 09:30'),('COS122','Centenary 4','Sem Test 1','2020-08-22','10:30 - 12:30'),('COS122','Centenary 5','Sem Test 2','2020-10-10','07:30 - 09:30'),('COS122','Centenary 5','Sem Test 1','2020-08-22','10:30 - 12:30'),('COS122','TBA','Examination','2020-11-07','12:00'),('COS132','Centenary 1','Sem Test 2','2020-04-24','17:30 - 19:30'),('COS132','Centenary 2','Sem Test 2','2020-04-24','17:30 - 19:30'),('COS132','Centenary 3','Sem Test 2','2020-04-24','17:30 - 19:30'),('COS132','Centenary 4','Sem Test 2','2020-04-24','17:30 - 19:30'),('COS132','Centenary 5','Sem Test 2','2020-04-24','17:30 - 19:30'),('COS132','Centenary 6','Sem Test 2','2020-04-24','17:30 - 19:30'),('COS132','TBA','Examination','2020-06-05','16:00'),('COS132','Thuto 1-1','Sem Test 1','2020-03-14','07:30 - 09:30'),('COS132','Thuto 1-2','Sem Test 1','2020-03-14','07:30 - 09:30'),('COS132','Thuto 3-1','Sem Test 1','2020-03-14','07:30 - 09:30'),('COS151','Centenary 1','Sem Test 1','2020-03-04','17:30 - 20:00'),('COS151','Centenary 2','Sem Test 1','2020-03-04','17:30 - 20:00'),('COS151','Centenary 2','Sem Test 2','2020-05-14','17:30 - 20:00'),('COS151','Centenary 3','Sem Test 1','2020-03-04','17:30 - 20:00'),('COS151','Centenary 3','Sem Test 2','2020-05-14','17:30 - 20:00'),('COS151','Centenary 4','Sem Test 2','2020-05-14','17:30 - 20:00'),('COS151','TBA','Examination','2020-06-18','08:00'),('COS210','IT 2-23','Sem Test 2','2020-04-29','17:30 - 20:00'),('COS210','IT 2-26','Sem Test 2','2020-04-29','17:30 - 20:00'),('COS210','TBA','Examination','2020-06-01','08:00'),('COS210','Thuto 3-2','Sem Test 1','2020-03-04','17:30 - 20:00'),('COS212','Centenary 1','Sem Test 1','2020-03-14','09:30 - 11:30'),('COS212','Centenary 2','Sem Test 1','2020-03-14','09:30 - 11:30'),('COS212','Centenary 3','Sem Test 1','2020-03-14','09:30 - 11:30'),('COS212','Louw hall','Sem Test 2','2020-04-23','17:30 - 19:30'),('COS212','Roos hall','Sem Test 2','2020-04-23','17:30 - 19:30'),('COS212','TBA','Examination','2020-06-12','16:00'),('COS214','IT 2-23','Sem Test 2','2020-09-14','17:30 - 20:00'),('COS214','IT 2-23','Sem Test 3','2020-10-08','17:30 - 20:00'),('COS214','IT 4-5','Sem Test 2','2020-09-14','17:30 - 20:00'),('COS214','IT 4-5','Sem Test 3','2020-10-08','17:30 - 20:00'),('COS214','TBA','Examination','2020-11-17','12:00'),('COS214','Thuto 3-2','Sem Test 1','2020-03-14','17:30 - 20:00'),('COS216','Centenary 1','Sem Test 1','2020-03-05','17:30 - 20:00'),('COS216','Centenary 1','Sem Test 2','2020-04-06','17:30 - 20:00'),('COS216','Centenary 2','Sem Test 1','2020-03-05','17:30 - 20:00'),('COS216','Centenary 2','Sem Test 2','2020-04-06','17:30 - 20:00'),('COS216','IT 4-1','Sem Test 3','2020-05-13','17:30 - 20:00'),('COS216','IT 4-5','Sem Test 3','2020-05-13','17:30 - 20:00'),('COS216','TBA','Examination','2020-06-18','12:00'),('COS221','HB 3-24','Sem Test 1','2020-03-16','17:30 - 20:00'),('COS221','IT 2-24','Sem Test 2','2020-04-07','17:30 - 20:00'),('COS221','IT 4-5','Sem Test 1','2020-03-16','17:30 - 20:00'),('COS221','IT 4-5','Sem Test 2','2020-04-07','17:30 - 20:00'),('COS221','TBA','Examination','2020-06-04','08:00'),('COS226','IT 4-1','Sem Test 1','2020-08-13','17:30 - 20:00'),('COS226','IT 4-5','Sem Test 1','2020-08-13','17:30 - 20:00'),('COS226','Large Chemistry','Sem Test 2','2020-09-28','17:30 - 20:00'),('COS226','TBA','Examination','2020-11-05','16:00'),('COS284','AE du Toit Auditorium','Sem Test 1','2020-08-17','17:30 - 20:00'),('COS284','Large Chemistry','Sem Test 2','2020-10-05','17:30 - 20:00'),('COS284','South Hall','Sem Test 2','2020-10-05','17:30 - 20:00'),('COS284','TBA','Examination','2020-11-03','08:00'),('COS301','IT 2-23','Sem Test 1','2020-04-02','17:30 - 20:00'),('COS301','IT 4-1','Sem Test 2','2020-10-02','17:30 - 20:00'),('COS314','HB 4-1','Sem Test 2','2020-05-07','08:30 - 12:30'),('COS314','IT 2-23','Sem Test 1','2020-03-09','08:30 - 12:30'),('COS314','TBA','Examination','2020-06-09','08:00'),('COS326','IT 2-26','Sem Test 1','2020-00-16','08:30 - 12:30'),('COS326','TBA','Examination','2020-11-03','16:00'),('COS330','HB 4-2','Sem Test 1','2020-09-09','17:30 - 20:00'),('COS330','TBA','Examination','2020-11-17','08:00'),('COS332','Centenary 1','Sem Test 2','2020-05-12','17:30 - 20:00'),('COS332','EMS 4-152','Sem Test 1','2020-04-17','17:30 - 20:00'),('COS332','TBA','Examination','2020-06-03','08:00'),('COS333','Centenary 5','Sem Test 1','2020-08-18','17:30 - 20:00'),('COS333','IT 4-5','Sem Test 2','2020-10-15','17:30 - 20:00'),('COS333','TBA','Examination','2020-11-20','08:00'),('COS344','IT 2-26','Sem Test 1','2020-03-05','17:30 - 20:00'),('COS344','IT 2-26','Sem Test 2','2020-05-05','17:30 - 20:00'),('COS344','TBA','Examination','2020-06-18','08:00'),('FIL251','EMS 2-150','Sem Test 1','2020-04-29','17:30 - 20:00'),('FIL251','EMS 2-151','Sem Test 1','2020-04-29','17:30 - 20:00'),('FIL251','EMS 4-150','Sem Test 1','2020-04-29','17:30 - 20:00'),('FIL251','EMS 4-151','Sem Test 1','2020-04-29','17:30 - 20:00'),('FIL251','EMS 4-152','Sem Test 1','2020-04-29','17:30 - 20:00'),('FIL251','HB 4-1','Sem Test 3','2020-10-15','17:30 - 20:00'),('FIL251','Louw Hall','Sem Test 2','2020-08-19','17:30 - 20:00'),('FIL251','Muller Hall','Sem Test 2','2020-08-19','17:30 - 20:00'),('FIL251','Roos Hall','Sem Test 2','2020-08-19','17:30 - 20:00'),('FIL251','TBA','Examination','2020-11-03','08:00'),('FIL251','TBA','Examination','2020-06-17','12:00'),('GGY156','TBA','Examination','2020-06-17','16:00'),('GGY166','TBA','Examination','2020-11-20','16:00'),('GGY166','Thuto 1-2','Sem Test 1','2020-08-11','17:30 - 20:00'),('GGY166','Thuto 1-2','Sem Test 2','2020-08-28','17:30 - 20:00'),('GGY166','Thuto 3-1','Sem Test 1','2020-08-11','17:30 - 20:00'),('GGY166','Thuto 3-1','Sem Test 2','2020-08-28','17:30 - 20:00'),('GGY166','Thuto 3-2','Sem Test 1','2020-08-11','17:30 - 20:00'),('GGY166','Thuto 3-2','Sem Test 2','2020-08-28','17:30 - 20:00'),('GGY283','TBA','Examination','2020-06-19','12:00'),('GIS310','TBA','Examination','2020-06-08','12:00'),('GIS320','TBA','Examination','2020-11-09','12:00'),('GMA220','TBA','Examination','2020-05-30','08:00'),('GMC110','Centenary 1','Sem Test 2','2020-10-20','17:30 - 20:00'),('GMC110','EMS 4-152','Sem Test 1','2020-08-21','17:30 - 20:00'),('GMC110','TBA','Examination','2020-11-17','08:00'),('GTS161','ENG 3-1','Sem Test 1','2020-09-08','17:30 - 20:00'),('GTS161','ENG 3-2','Sem Test 1','2020-09-08','17:30 - 20:00'),('GTS161','ENG 3-3','Sem Test 1','2020-09-08','17:30 - 20:00'),('GTS161','ENG 3-4','Sem Test 1','2020-09-08','17:30 - 20:00'),('GTS161','ENG 3-5','Sem Test 1','2020-09-08','17:30 - 20:00'),('GTS161','ENG 3-6','Sem Test 1','2020-09-08','17:30 - 20:00'),('GTS161','Muller Hall','Sem Test 1','2020-09-08','17:30 - 20:00'),('GTS161','South Hall','Sem Test 1','2020-09-08','17:30 - 20:00'),('GTS161','TBA','Examination','2020-11-16','16:00'),('GTS161','Thuto 1-1','Sem Test 2','2020-10-15','17:30 - 20:00'),('GTS161','Thuto 1-2','Sem Test 2','2020-10-15','17:30 - 20:00'),('GTS161','Thuto 3-1','Sem Test 2','2020-10-15','17:30 - 20:00'),('GTS161','Thuto 3-2','Sem Test 2','2020-10-15','17:30 - 20:00'),('GTS251','Centenary 1','Sem Test 2','2020-05-15','17:30 - 20:00'),('GTS251','Centenary 2','Sem Test 2','2020-05-15','17:30 - 20:00'),('GTS251','Centenary 3','Sem Test 2','2020-05-15','17:30 - 20:00'),('GTS251','Centenary 4','Sem Test 2','2020-05-15','17:30 - 20:00'),('GTS251','Centenary 5','Sem Test 2','2020-05-15','17:30 - 20:00'),('GTS251','Centenary 6','Sem Test 2','2020-05-15','17:30 - 20:00'),('GTS251','EMS 4-150','Sem Test 1','2020-04-02','17:30 - 20:00'),('GTS251','EMS 4-151','Sem Test 1','2020-04-02','17:30 - 20:00'),('GTS251','EMS 4-152','Sem Test 1','2020-04-02','17:30 - 20:00'),('GTS251','IT 4-1','Sem Test 1','2020-04-02','17:30 - 20:00'),('GTS251','IT 4-2','Sem Test 1','2020-04-02','17:30 - 20:00'),('GTS251','IT 4-3','Sem Test 1','2020-04-02','17:30 - 20:00'),('GTS251','TBA','Examination','2020-06-06','08:00'),('GTS261','IT 2-23','Sem Test 1','2020-09-08','17:30 - 20:00'),('GTS261','TBA','Examination','2020-11-07','12:00'),('GTS261','Thuto 1-1','Sem Test 2','2020-10-06','17:30 - 20:00'),('GTS261','Thuto 1-2','Sem Test 2','2020-10-06','17:30 - 20:00'),('GTS261','Thuto 3-1','Sem Test 1','2020-09-08','17:30 - 20:00'),('GTS261','Thuto 3-1','Sem Test 2','2020-10-06','17:30 - 20:00'),('GTS261','Thuto 3-2','Sem Test 1','2020-09-08','17:30 - 20:00'),('GTS354','Large Chemistry','Sem Test 1','2020-03-02','17:30 - 20:00'),('GTS354','Large Chemistry','Sem Test 2','2020-04-20','17:30 - 20:00'),('GTS354','North Hall','Sem Test 1','2020-03-02','17:30 - 20:00'),('GTS354','North Hall','Sem Test 2','2020-04-20','17:30 - 20:00'),('GTS354','TBA','Examination','2020-11-14','08:00'),('GTS354','TBA','Examination','2020-06-08','12:00'),('GTS367','AE du Toit Auditorium','Sem Test 2','2020-10-19','17:30 - 20:00'),('GTS367','Large Chemistry','Sem Test 1','2020-09-16','17:30 - 20:00'),('IMY210','IT 2-26','Sem Test 1','2020-03-10','17:30 - 20:00'),('IMY210','IT 2-26','Sem Test 2','2020-04-20','17:30 - 20:00'),('IMY210','TBA','Examination','2020-06-17','16:00'),('IMY220','HB 4-2','Sem Test 1','2020-10-15','17:30 - 20:00'),('IMY220','TBA','Examination','2020-11-13','16:00'),('IMY310','Centenary 6','Sem Test 1','2020-03-12','17:30 - 20:00'),('IMY310','Centenary 6','Sem Test 2','2020-05-15','17:30 - 20:00'),('IMY310','TBA','Examination','2020-06-17','08:00'),('INF154','Centenary 1','Sem Test 1','2020-04-22','17:30 - 20:00'),('INF154','Centenary 2','Sem Test 1','2020-04-22','17:30 - 20:00'),('INF154','Centenary 3','Sem Test 1','2020-04-22','17:30 - 20:00'),('INF154','TBA','Examination','2020-06-20','08:00'),('INF164','North Hall','Sem Test 1','2020-09-14','17:30 - 20:00'),('INF164','South Hall','Sem Test 1','2020-09-14','17:30 - 20:00'),('INF164','TBA','Examination','2020-11-13','08:00'),('INF171','Large Chemistry','Sem Test 1','2020-04-23','17:30 - 20:00'),('INF171','Large Chemistry','Sem Test 2','2020-08-12','17:30 - 20:00'),('INF171','Large Chemistry','Sem Test 3','2020-10-16','17:30 - 20:00'),('INF171','North Hall','Sem Test 1','2020-04-23','17:30 - 20:00'),('INF171','North Hall','Sem Test 2','2020-08-12','17:30 - 20:00'),('INF171','North Hall','Sem Test 3','2020-10-16','17:30 - 20:00'),('INF171','TBA','Examination','2020-11-09','08:00'),('INF272','Consult Dept','Sem Test 2','2020-08-26','17:30 - 20:00'),('INF272','Consult Dept','Sem Test 3','2020-10-19','17:30 - 20:00'),('INF272','IT 4-1','Sem Test 1','2020-05-14','17:30 - 20:00'),('INF272','IT 4-5','Sem Test 1','2020-05-14','17:30 - 20:00'),('INF272','TBA','Examination','2020-11-14','12:00'),('INF354','IT 2-26','Sem Test 1','2020-04-15','17:30-20:00'),('INF354','TBA','Examination','2020-06-05','08:00'),('KRG110','Centenary 2','Sem Test 1','2020-04-07','17:30 - 20:00'),('KRG110','Centenary 3','Sem Test 1','2020-04-07','17:30 - 20:00'),('KRG110','Centenary 4','Sem Test 1','2020-04-07','17:30 - 20:00'),('KRG110','Centenary 5','Sem Test 1','2020-04-07','17:30 - 20:00'),('KRG110','Centenary 6','Sem Test 1','2020-04-07','17:30 - 20:00'),('KRG110','TBA','Examination','2020-05-30','12:00'),('KRG120','Centenary 1','Sem Test 1','2020-09-08','17:30 - 20:00'),('KRG120','Centenary 2','Sem Test 1','2020-09-08','17:30 - 20:00'),('KRG120','Centenary 3','Sem Test 1','2020-09-08','17:30 - 20:00'),('KRG120','Centenary 4','Sem Test 1','2020-09-08','17:30 - 20:00'),('KRG120','Centenary 5','Sem Test 1','2020-09-08','17:30 - 20:00'),('KRG120','Centenary 6','Sem Test 1','2020-09-08','17:30 - 20:00'),('KRG120','TBA','Examination','2020-11-03','16:00'),('KRG200','TBA','Examination','2020-11-18','16:00'),('KRG200','Thuto 1-1','Sem Test 1','2020-05-25','17:30 - 20:00'),('KRG200','Thuto 1-1','Sem Test 2','2020-09-21','17:30 - 20:00'),('KRG200','Thuto 1-2','Sem Test 1','2020-05-25','17:30 - 20:00'),('KRG200','Thuto 1-2','Sem Test 2','2020-09-21','17:30 - 20:00'),('KRM110','Centenary 4','Sem Test 1','2020-03-05','17:30 - 20:00'),('KRM110','Centenary 5','Sem Test 1','2020-03-05','17:30 - 20:00'),('KRM110','Centenary 6','Sem Test 1','2020-03-05','17:30 - 20:00'),('KRM110','ENG 3-1','Sem Test 2','2020-05-04','17:30 - 20:00'),('KRM110','ENG 3-2','Sem Test 2','2020-05-04','17:30 - 20:00'),('KRM110','ENG 3-3','Sem Test 2','2020-05-04','17:30 - 20:00'),('KRM110','ENG 3-4','Sem Test 2','2020-05-04','17:30 - 20:00'),('KRM110','ENG 3-5','Sem Test 2','2020-05-04','17:30 - 20:00'),('KRM110','ENG 3-6','Sem Test 2','2020-05-04','17:30 - 20:00'),('KRM110','ENG 3-7','Sem Test 2','2020-05-04','17:30 - 20:00'),('KRM110','TBA','Examination','2020-06-08','12:00'),('KRM110','Thuto 3-2','Sem Test 1','2020-03-05','17:30 - 20:00'),('KRM120','Centenary 1','Sem Test 2','2020-10-09','17:30 - 20:00'),('KRM120','Centenary 2','Sem Test 2','2020-10-09','17:30 - 20:00'),('KRM120','Centenary 3','Sem Test 2','2020-10-09','17:30 - 20:00'),('KRM120','Centenary 4','Sem Test 2','2020-10-09','17:30 - 20:00'),('KRM120','Centenary 5','Sem Test 2','2020-10-09','17:30 - 20:00'),('KRM120','Centenary 6','Sem Test 2','2020-10-09','17:30 - 20:00'),('KRM120','TBA','Examination','2020-11-03','12:00'),('KRM120','Thuto 1-1','Sem Test 1','2020-08-12','17:30 - 20:00'),('KRM120','Thuto 1-2','Sem Test 1','2020-08-12','17:30 - 20:00'),('KRM120','Thuto 3-1','Sem Test 1','2020-08-12','17:30 - 20:00'),('KRM120','Thuto 3-2','Sem Test 1','2020-08-12','17:30 - 20:00'),('KRM210','Louw Hall','Sem Test 1','2020-03-06','17:30 - 20:00'),('KRM210','Louw Hall','Sem Test 2','2020-04-28','17:30 - 20:00'),('KRM210','Muller Hall','Sem Test 1','2020-03-06','17:30 - 20:00'),('KRM210','Muller Hall','Sem Test 2','2020-04-28','17:30 - 20:00'),('KRM210','Roos Hall','Sem Test 1','2020-03-06','17:30 - 20:00'),('KRM210','Roos Hall','Sem Test 2','2020-04-28','17:30 - 20:00'),('KRM210','TBA','Examination','2020-06-02','12:00'),('KRM220','AE du Toit Auditorium','Sem Test 2','2020-10-05','17:30 - 20:00'),('KRM220','Louw Hall','Sem Test 1','2020-08-13','17:30 - 20:00'),('KRM220','Muller Hall','Sem Test 1','2020-08-13','17:30 - 20:00'),('KRM220','Muller Hall','Sem Test 2','2020-10-05','17:30 - 20:00'),('KRM220','TBA','Examination','2020-11-12','12:00'),('KRM220','Van der Bijl Hall','Sem Test 2','2020-10-05','17:30 - 20:00'),('KRM310','HB 4-1','Sem Test 1','2020-03-03','17:30 - 20:00'),('KRM310','HB 4-2','Sem Test 1','2020-03-03','17:30 - 20:00'),('KRM310','HB 4-3','Sem Test 1','2020-03-03','17:30 - 20:00'),('KRM310','HB 4-6','Sem Test 1','2020-03-03','17:30 - 20:00'),('KRM310','TBA','Examination','2020-06-06','08:00'),('KRM320','HB 4-1','Sem Test 1','2020-08-11','17:30 - 20:00'),('KRM320','HB 4-2','Sem Test 1','2020-08-11','17:30 - 20:00'),('KRM320','HB 4-3','Sem Test 1','2020-08-11','17:30 - 20:00'),('KRM320','HB 4-6','Sem Test 1','2020-08-11','17:30 - 20:00'),('KRM320','TBA','Examination','2020-11-05','12:00'),('KUB420','Muller Hall','Sem Test 1','2020-09-15','17:30 - 20:00'),('KUB420','TBA','Examination','2020-11-05','16:00'),('LOJ456','Kirkman building','Examination','2033-09-03','12:00'),('MBY161','Centenary 6','Sem Test 1','2020-09-10','17:30 - 20:00'),('MBY161','North Hall','Sem Test 2','2020-10-12','17:30 - 20:00'),('MBY161','TBA','Examination','2020-11-09','12:00'),('MBY161','Thuto 1-1','Sem Test 1','2020-09-10','17:30 - 20:00'),('MBY161','Thuto 1-1','Sem Test 2','2020-10-12','17:30 - 20:00'),('MBY161','Thuto 1-2','Sem Test 1','2020-09-10','17:30 - 20:00'),('MBY161','Thuto 1-2','Sem Test 2','2020-10-12','17:30 - 20:00'),('MBY161','Thuto 3-1','Sem Test 1','2020-09-10','17:30 - 20:00'),('MBY161','Thuto 3-1','Sem Test 2','2020-10-12','17:30 - 20:00'),('MBY161','Thuto 3-2','Sem Test 1','2020-09-10','17:30 - 20:00'),('MBY161','Thuto 3-2','Sem Test 2','2020-10-12','17:30 - 20:00'),('MBY251','Centenary 1','Sem Test 1','2020-03-17','17:30 - 20:00'),('MBY251','Centenary 2','Sem Test 1','2020-03-17','17:30 - 20:00'),('MBY251','Centenary 3','Sem Test 1','2020-03-17','17:30 - 20:00'),('MBY251','EMS 4-150','Sem Test 2','2020-05-12','17:30 - 20:00'),('MBY251','EMS 4-151','Sem Test 2','2020-05-12','17:30 - 20:00'),('MBY251','EMS 4-152','Sem Test 2','2020-05-12','17:30 - 20:00'),('MBY251','TBA','Examination','2020-06-17','08:00'),('MBY261','Centenary 4','Sem Test 1','2020-08-17','17:30 - 20:00'),('MBY261','Centenary 5','Sem Test 1','2020-08-17','17:30 - 20:00'),('MBY261','HB 4-1','Sem Test 2','2020-10-16','17:30 - 20:00'),('MBY261','HB 4-2','Sem Test 2','2020-10-16','17:30 - 20:00'),('MBY261','HB 4-3','Sem Test 2','2020-10-16','17:30 - 20:00'),('MBY261','TBA','Examination','2020-11-10','12:00'),('MLB111','North Hall','Sem Test 2','2020-05-06','17:30 - 20:00'),('MLB111','North Hall','Sem Test 1','2020-09-10','17:30 - 20:00'),('MLB111','South Hall','Sem Test 1','2020-03-16','17:30 - 20:00'),('MLB111','South Hall','Sem Test 2','2020-05-06','17:30 - 20:00'),('MLB111','TBA','Examination','2020-06-09','12:00'),('MLB111','Thuto 1-1','Sem Test 1','2020-03-16','17:30 - 20:00'),('MLB111','Thuto 1-1','Sem Test 2','2020-05-06','17:30 - 20:00'),('MLB111','Thuto 1-2','Sem Test 1','2020-03-16','17:30 - 20:00'),('MLB111','Thuto 1-2','Sem Test 2','2020-05-06','17:30 - 20:00'),('MLB111','Thuto 3-1','Sem Test 1','2020-03-16','17:30 - 20:00'),('MLB111','Thuto 3-1','Sem Test 2','2020-05-06','17:30 - 20:00'),('MLB111','Thuto 3-2','Sem Test 1','2020-03-16','17:30 - 20:00'),('MLB111','Thuto 3-2','Sem Test 2','2020-05-06','17:30 - 20:00'),('OBS114','Centenary 1','Sem Test 1','2020-03-11','17:30 - 20:00'),('OBS114','Centenary 1','Sem Test 2','2020-05-05','17:30 - 20:00'),('OBS114','Centenary 2','Sem Test 1','2020-03-11','17:30 - 20:00'),('OBS114','Centenary 2','Sem Test 2','2020-05-05','17:30 - 20:00'),('OBS114','Centenary 3','Sem Test 1','2020-03-11','17:30 - 20:00'),('OBS114','Centenary 3','Sem Test 2','2020-05-05','17:30 - 20:00'),('OBS114','Centenary 4','Sem Test 1','2020-03-11','17:30 - 20:00'),('OBS114','Centenary 4','Sem Test 2','2020-05-05','17:30 - 20:00'),('OBS114','Centenary 5','Sem Test 1','2020-03-11','17:30 - 20:00'),('OBS114','Centenary 5','Sem Test 2','2020-05-05','17:30 - 20:00'),('OBS114','Centenary 6','Sem Test 1','2020-03-11','17:30 - 20:00'),('OBS114','Centenary 6','Sem Test 2','2020-05-05','17:30 - 20:00'),('OBS114','Thuto 1-2','Sem Test 1','2020-03-11','17:30 - 20:00'),('OBS114','Thuto 1-2','Sem Test 2','2020-05-05','17:30 - 20:00'),('OBS124','Centenary 1','Sem Test 1','2020-08-25','17:30 - 20:00'),('OBS124','Centenary 1','Sem Test 2','2020-10-08','17:30 - 20:00'),('OBS124','Centenary 2','Sem Test 1','2020-08-25','17:30 - 20:00'),('OBS124','Centenary 2','Sem Test 2','2020-10-08','17:30 - 20:00'),('OBS124','Centenary 3','Sem Test 1','2020-08-25','17:30 - 20:00'),('OBS124','Centenary 3','Sem Test 2','2020-10-08','17:30 - 20:00'),('OBS124','Centenary 4','Sem Test 1','2020-08-25','17:30 - 20:00'),('OBS124','Centenary 4','Sem Test 2','2020-10-08','17:30 - 20:00'),('OBS124','Centenary 5','Sem Test 1','2020-08-25','17:30 - 20:00'),('OBS124','Centenary 5','Sem Test 2','2020-10-08','17:30 - 20:00'),('OBS124','Centenary 6','Sem Test 1','2020-08-25','17:30 - 20:00'),('OBS124','Centenary 6','Sem Test 2','2020-10-08','17:30 - 20:00'),('OBS124','Thuto 1-2','Sem Test 1','2020-08-25','17:30 - 20:00'),('OBS124','Thuto 1-2','Sem Test 2','2020-10-08','17:30 - 20:00'),('OBS210','Centenary 1','Sem Test 2','2020-04-30','17:30 - 20:00'),('OBS210','Centenary 2','Sem Test 2','2020-04-30','17:30 - 20:00'),('OBS210','Centenary 3','Sem Test 2','2020-04-30','17:30 - 20:00'),('OBS210','Centenary 4','Sem Test 2','2020-04-30','17:30 - 20:00'),('OBS210','Centenary 5','Sem Test 2','2020-04-30','17:30 - 20:00'),('OBS210','Centenary 6','Sem Test 2','2020-04-30','17:30 - 20:00'),('OBS210','IT 4-1','Sem Test 2','2020-04-30','17:30 - 20:00'),('OBS210','TBA','Examination','2020-06-12','08:00'),('OBS210','Thuto 1-2','Sem Test 1','2020-03-13','17:30 - 20:00'),('OBS210','Thuto 3-1','Sem Test 1','2020-03-13','17:30 - 20:00'),('OBS210','Thuto 3-2','Sem Test 1','2020-03-13','17:30 - 20:00'),('OBS220','Louw Hall','Sem Test 1','2020-08-18','17:30 - 20:00'),('OBS220','Muller Hall','Sem Test 1','2020-08-18','17:30 - 20:00'),('OBS220','Roos Hall','Sem Test 1','2020-08-18','17:30 - 20:00'),('OBS220','TBA','Examination','2020-11-11','08:00'),('OBS220','Thuto 1-2','Sem Test 2','2020-10-05','17:30 - 20:00'),('OBS220','Thuto 3-1','Sem Test 2','2020-10-05','17:30 - 20:00'),('OBS220','Thuto 3-2','Sem Test 2','2020-10-05','17:30 - 20:00'),('OBS310','Louw Hall','Sem Test 1','2020-03-11','17:30 - 20:00'),('OBS310','Louw hall','Sem Test 2','2020-04-24','17:30 - 20:00'),('OBS310','Roos Hall','Sem Test 1','2020-03-11','17:30 - 20:00'),('OBS310','Roos hall','Sem Test 2','2020-04-24','17:30 - 20:00'),('OBS310','TBA','Examination','2020-06-11','12:00'),('OBS310','Van der Bijl Hall','Sem Test 1','2020-03-11','17:30 - 20:00'),('OBS310','Van der Bijl Hall','Sem Test 2','2020-04-24','17:30 - 20:00'),('OBS320','Centenary 1','Sem Test 1','2020-08-11','17:30 - 20:00'),('OBS320','Centenary 1','Sem Test 2','2020-10-01','17:30 - 20:00'),('OBS320','Centenary 2','Sem Test 1','2020-08-11','17:30 - 20:00'),('OBS320','Centenary 2','Sem Test 2','2020-10-01','17:30 - 20:00'),('OBS320','Centenary 3','Sem Test 1','2020-08-11','17:30 - 20:00'),('OBS320','Centenary 3','Sem Test 2','2020-10-01','17:30 - 20:00'),('OBS320','Centenary 4','Sem Test 1','2020-08-11','17:30 - 20:00'),('OBS320','Centenary 4','Sem Test 2','2020-10-01','17:30 - 20:00'),('OBS320','Centenary 5','Sem Test 1','2020-08-11','17:30 - 20:00'),('OBS320','Centenary 5','Sem Test 2','2020-10-01','17:30 - 20:00'),('OBS320','TBA','Examination','2020-11-09','16:00'),('OBS359','Centenary 1','Sem Test 2','2020-04-28','17:30 - 20:00'),('OBS359','Centenary 2','Sem Test 2','2020-04-28','17:30 - 20:00'),('OBS359','Centenary 3','Sem Test 2','2020-04-28','17:30 - 20:00'),('OBS359','North Hall','Sem Test 1','2020-03-12','17:30 - 20:00'),('OBS359','South Hall','Sem Test 1','2020-03-12','17:30 - 20:00'),('OBS359','TBA','Examination','2020-06-01','12:00'),('OBS369','Centenary 5','Sem Test 1','2020-08-24','17:30 - 20:00'),('OBS369','Centenary 6','Sem Test 1','2020-08-24','17:30 - 20:00'),('OBS369','IT 4-1','Sem Test 2','2020-10-16','17:30 - 20:00'),('OBS369','IT 4-5','Sem Test 2','2020-10-05','17:30 - 20:00'),('STC122','Consult Dept','Sem Test 1','2020-03-12','17:30 - 20:00'),('STC122','Consult Dept','Sem Test 2','2020-10-12','17:30 - 20:00'),('STK110','Centenary 1','Sem Test 1','2020-03-12','17:30 - 20:00'),('STK110','Centenary 1','Sem Test 2','2020-05-07','17:30 - 20:00'),('STK110','Centenary 2','Sem Test 1','2020-03-12','17:30 - 20:00'),('STK110','Centenary 2','Sem Test 2','2020-05-07','17:30 - 20:00'),('STK110','Centenary 3','Sem Test 1','2020-03-12','17:30 - 20:00'),('STK110','Centenary 3','Sem Test 2','2020-05-07','17:30 - 20:00'),('STK110','Centenary 4','Sem Test 1','2020-03-12','17:30 - 20:00'),('STK110','Centenary 4','Sem Test 2','2020-05-07','17:30 - 20:00'),('STK110','Centenary 5','Sem Test 2','2020-05-07','17:30 - 20:00'),('STK110','Centenary 6','Sem Test 1','2020-03-12','17:30 - 20:00'),('STK110','Centenary 6','Sem Test 2','2020-05-07','17:30 - 20:00'),('STK110','TBA','Examination','2020-06-08','08:00'),('STK110','Thuto 1-1','Sem Test 1','2020-03-12','17:30 - 20:00'),('STK110','Thuto 1-1','Sem Test 2','2020-05-07','17:30 - 20:00'),('STK210','ENG 3-3','Sem Test 1','2020-03-12','17:30 - 20:00'),('STK210','IT 2-24','Sem Test 2','2020-05-08','17:30 - 20:00'),('STK210','IT 2-25','Sem Test 2','2020-05-08','17:30 - 20:00'),('STK210','IT 4-1','Sem Test 1','2020-03-12','17:30 - 20:00'),('STK210','IT 4-1','Sem Test 2','2020-05-08','17:30 - 20:00'),('STK210','IT 4-5','Sem Test 1','2020-03-12','17:30 - 20:00'),('STK210','IT 4-5','Sem Test 2','2020-05-08','17:30 - 20:00'),('STK210','TBA','Examination','2020-06-10','12:00'),('STK220','IT 2-26','Sem Test 2','2020-10-07','17:30 - 20:00'),('STK220','IT 4-1','Sem Test 1','2020-08-28','17:30 - 20:00'),('STK220','IT 4-1','Sem Test 2','2020-10-12','17:30 - 20:00'),('STK220','IT 4-4','Sem Test 1','2020-08-28','17:30 - 20:00'),('STK220','IT 4-5','Sem Test 1','2020-08-28','17:30 - 20:00'),('STK220','IT 4-5','Sem Test 2','2020-10-12','17:30 - 20:00'),('STK220','TBA','Examination','2020-11-09','08:00'),('STK353','Consult Dept','Sem Test 1','2020-08-24','15:30 - 18:30'),('STK353','Consult Dept','Sem Test 2','2020-09-21','15:30 - 18:30'),('STK353','TBA','Examination','2020-11-13','08:00'),('TST123','Thuto 1-2','Examination','2020-08-16','09:00'),('WST212','Informatorium Blue lab 1','Sem Test 3','2020-05-16','08:00 - 10:30'),('WST212','Informatorium Blue lab 1','Sem Test 1','2020-03-07','08:30 - 12:30'),('WST212','Informatorium Blue lab 1','Sem Test 2','2020-04-04','08:30 - 12:30'),('WST212','TBA','Examination','2020-06-04','08:00'),('WTW115','ENG 3-4','Sem Test 2','2020-04-30','17:30 - 20:00'),('WTW115','ENG 3-5','Sem Test 2','2020-04-30','17:30 - 20:00'),('WTW115','ENG 3-6','Sem Test 2','2020-04-30','17:30 - 20:00'),('WTW115','ENG 3-7','Sem Test 2','2020-04-30','17:30 - 20:00'),('WTW115','TBA','Examination','2020-06-10','08:00'),('WTW115','Thuto 1-1','Sem Test 1','2020-03-18','17:30 - 20:00'),('WTW115','Thuto 1-2','Sem Test 1','2020-03-18','17:30 - 20:00'),('WTW134','TBA','Examination','2020-06-03','08:00'),('WTW134','Thuto 1-1','Sem Test 1','2020-03-06','17:30 - 20:00'),('WTW134','Thuto 1-1','Sem Test 2','2020-04-16','17:30 - 20:00'),('WTW134','Thuto 1-2','Sem Test 1','2020-03-06','17:30 - 20:00'),('WTW134','Thuto 1-2','Sem Test 2','2020-04-16','17:30 - 20:00'),('WTW134','Thuto 3-1','Sem Test 1','2020-03-06','17:30 - 20:00'),('WTW134','Thuto 3-1','Sem Test 2','2020-04-16','17:30 - 20:00'),('WTW134','Thuto 3-2','Sem Test 1','2020-03-06','17:30 - 20:00'),('WTW134','Thuto 3-2','Sem Test 2','2020-04-16','17:30 - 20:00'),('WTW146','Centenary 4','Sem Test 2','2020-09-30','17:30 - 20:00'),('WTW146','Centenary 5','Sem Test 2','2020-09-30','17:30 - 20:00'),('WTW146','Centenary 6','Sem Test 2','2020-09-30','17:30 - 20:00'),('WTW146','Large Chemistry','Sem Test 1','2020-08-19','17:30 - 20:00'),('WTW146','North Hall','Sem Test 1','2020-08-19','17:30 - 20:00'),('WTW146','TBA','Examination','2020-11-16','12:00'),('WTW148','EMS 4-150','Sem Test 1','2020-08-18','17:30 - 20:00'),('WTW148','EMS 4-150','Sem Test 2','2020-10-14','17:30 - 20:00'),('WTW148','EMS 4-151','Sem Test 1','2020-08-18','17:30 - 20:00'),('WTW148','EMS 4-151','Sem Test 2','2020-10-14','17:30 - 20:00'),('WTW148','EMS 4-152','Sem Test 1','2020-08-18','17:30 - 20:00'),('WTW148','EMS 4-152','Sem Test 2','2020-10-14','17:30 - 20:00'),('WTW148','TBA','Examination','2020-11-12','08:00'),('WTW152','Consult Dept','Sem Test 2','2020-04-22','17:30 - 20:00'),('WTW152','Louw Hall','Sem Test 1','2020-03-19','17:30 - 20:00'),('WTW152','Roos Hall','Sem Test 1','2020-03-19','17:30 - 20:00'),('WTW152','TBA','Examination','2020-06-08','16:00'),('WTW152','Van der Bijl Hall','Sem Test 1','2020-03-19','17:30 - 20:00'),('WTW285','Centenary 1','Sem Test 1','2020-08-24','17:30 - 20:00'),('WTW285','Centenary 2','Sem Test 1','2020-08-24','17:30 - 20:00'),('WTW285','TBA','Examination','2020-11-09','12:00'),('WTW285','Thuto 1-1','Sem Test 2','2020-10-01','17:30 - 20:00');
/*!40000 ALTER TABLE `assessment` ENABLE KEYS */;
UNLOCK TABLES;

--
-- Table structure for table `lecture`
--

DROP TABLE IF EXISTS `lecture`;
/*!40101 SET @saved_cs_client     = @@character_set_client */;
/*!50503 SET character_set_client = utf8mb4 */;
CREATE TABLE `lecture` (
  `module_Code` varchar(7) NOT NULL,
  `venue_Name` varchar(30) NOT NULL,
  `lesson` int(1) NOT NULL,
  `l_Group` varchar(10) NOT NULL,
  `l_Time` varchar(20) NOT NULL,
  `l_Day` varchar(9) NOT NULL,
  PRIMARY KEY (`module_Code`,`venue_Name`,`lesson`,`l_Group`),
  KEY `venue_Name` (`venue_Name`),
  CONSTRAINT `lecture_ibfk_1` FOREIGN KEY (`module_Code`) REFERENCES `module` (`module_Code`),
  CONSTRAINT `lecture_ibfk_2` FOREIGN KEY (`venue_Name`) REFERENCES `venue` (`venue_Name`)
) ENGINE=InnoDB DEFAULT CHARSET=utf8;
/*!40101 SET character_set_client = @saved_cs_client */;

--
-- Dumping data for table `lecture`
--

LOCK TABLES `lecture` WRITE;
/*!40000 ALTER TABLE `lecture` DISABLE KEYS */;
INSERT INTO `lecture` VALUES ('AIM101','Consult Dept',1,'G01','14:30 - 16:20','Friday'),('AIM111','Consult Dept',1,'G01','11:30 - 13:20','Tuesday'),('AIM121','Consult Dept',1,'G01','07:30 - 09:20','Tuesday'),('ALL121','HB 3-15',2,'G06','13:30 - 14:20','Friday'),('ALL121','HB 4-12',1,'G03','08:30 - 09:20','Tuesday'),('ALL121','HB 4-12',2,'G04','08:30 - 09:20','Thursday'),('ALL121','HB 4-14',1,'G01','09:30 - 10:20','Monday'),('ALL121','HB 4-14',1,'G04','08:30 - 09:20','Tuesday'),('ALL121','HB 4-14',1,'G05','07:30 - 08:20','Monday'),('ALL121','HB 4-14',2,'G01','09:30 - 10:20','Thursday'),('ALL121','HB 4-14',2,'G03','08:30 - 09:20','Thursday'),('ALL121','HB 4-14',2,'G05','09:30 - 10:20','Wednesday'),('ALL121','HB 4-15',1,'G02','09:30 - 10:20','Monday'),('ALL121','HB 4-15',1,'G07','09:30 - 10:20','Tuesday'),('ALL121','HB 4-15',2,'G02','09:30 - 10:20','Thursday'),('ALL121','HB 4-3',1,'G06','09:30 - 10:20','Tuesday'),('ALL121','HB 4-9',2,'G07','13:30 - 14:20','Friday'),('BEM120','Large Chemistry',1,'G02','13:30 - 14:20','Monday'),('BEM120','Thuto 3-2',1,'G01','08:30 - 09:20','Tuesday'),('BEM120','Thuto 3-2',2,'G02','12:30 - 13:20','Wednesday'),('BEM120','Thuto 3-2',3,'G01','12:30 - 13:20','Thursday'),('BEM120','Thuto 3-2',3,'G02','11:30 - 12:20','Thursday'),('BEM212','HB 4-1',2,'G01','08:30 - 09:20','Tuesday'),('BEM212','Louw Hall',1,'G02','07:30 - 08:20','Monday'),('BEM212','Louw Hall',2,'G02','14:30 - 16:20','Wednesday'),('BEM212','Te Water Hall',3,'G01','12:30 - 13:20','Thursday'),('BEM212','Van Der Bijl Hall',1,'G01','14:30 - 15:20','Monday'),('BME120','AE du Toit Auditorium',1,'G03','10:30 - 11:20','Monday'),('BME120','Large Chemistry',2,'G03','07:30 - 08:20','Tuesday'),('BME120','Large Chemistry',3,'G03','09:30 - 10:20','Thursday'),('BME120','Large Chemistry',4,'G03','07:30 - 08:20','Friday'),('BME120','Thuto 1-1',1,'G02','12:30 - 13:20','Monday'),('BME120','Thuto 1-1',2,'G02','09:30 - 10:20','Tuesday'),('BME120','Thuto 1-1',3,'G02','08:30 - 09:20','Wednesday'),('BME120','Thuto 1-1',4,'G02','12:30 - 13:20','Friday'),('BME120','Thuto 1-2',1,'G01','08:30 - 09:20','Monday'),('BME120','Thuto 1-2',2,'G01','08:30 - 09:20','Tuesday'),('BME120','Thuto 1-2',3,'G01','09:30 - 10:20','Wednesday'),('BME120','Thuto 3-1',4,'G01','11:30 - 12:20','Friday'),('BOT161','IT 4-4',2,'G01','08:30 - 09:20','Tuesday'),('BOT161','Louw Hall',1,'G01','07:30 - 08:20','Monday'),('BOT161','Thuto 1-1',1,'G02','09:30 - 10:20','Thursday'),('BOT161','Thuto 1-1',2,'G02','13:30 - 14:20','Friday'),('BTC361','Agric Annex 2-18',2,'G01','13:30 - 14:20','Friday'),('COS110','Centenary 3',3,'G01','07:30 - 08:20','Friday'),('COS122','Centenary 1',3,'G01','11:30 - 12:20','Wednesday'),('COS122','Centenary 3',2,'G02','09:30 - 10:20','Wednesday'),('COS122','Centenary 3',3,'G02','15:30 - 16:20','Thursday'),('COS122','Thuto 3-2',1,'G01','09:30 - 10:20','Monday'),('COS122','Van Der Bijl Hall',2,'G01','13:30 - 14:20','Tuesday'),('COS132','Centenary 2',2,'G02','12:30 - 13:20','Tuesday'),('COS132','Centenary 2',4,'G01','13:30 - 14:20','Thursday'),('COS132','Centenary 2',4,'G02','11:30 - 12:20','Thursday'),('COS132','Centenary 3',3,'G01','11:30 - 12:20','Wednesday'),('COS132','Centenary 3',3,'G02','13:30 - 14:20','Wednesday'),('COS132','Centenary 4',2,'G01','07:30 - 08:20','Tuesday'),('COS132','EMS 4-150',1,'G03','11:30 - 12:20','Monday'),('COS132','EMS 4-150',2,'G03','10:30 - 11:20','Tuesday'),('COS132','IT 4-1',1,'G02','13:30 - 14:20','Monday'),('COS132','IT 4-4',3,'G03','11:30 - 12:20','Wednesday'),('COS132','IT 4-4',4,'G03','08:30 - 09:20','Thursday'),('COS151','AE du Toit Auditorium',2,'G01','16:30 - 17:20','Thursday'),('COS151','Thuto 1-2',1,'G01','08:30 - 09:20','Monday'),('COS210','EMS 4-150',2,'G01','08:30 - 09:20','Wednesday'),('COS210','IT 2-26',1,'G01','11:30 - 12:20','Monday'),('COS212','AE du Toit Auditorium',1,'G01','16:30 - 17:20','Monday'),('COS212','Louw Hall',2,'G01','07:30 - 08:20','Tuesday'),('COS212','Louw Hall',3,'G01','09:30 - 10:20','Wednesday'),('COS212','Louw Hall',4,'G01','16:30 - 17:20','Thursday'),('COS214','HB 4-1',3,'G01','07:30 - 08:20','Thursday'),('COS214','IT 2-26',1,'G01','08:30 - 09:20','Monday'),('COS214','IT 2-26',4,'G01','12:30 - 13:20','Friday'),('COS214','IT 4-4',2,'G01','10:30 - 11:20','Tuesday'),('COS216','IT 2-26',1,'G01','08:30 - 09:20','Monday'),('COS216','IT 2-26',4,'G01','09:30 - 10:20','Thursday'),('COS216','IT 4-4',2,'G01','12:30 - 13:20','Tuesday'),('COS216','IT 4-4',3,'G01','10:30 - 11:20','Wednesday'),('COS221','EMS 4-151',1,'G01','07:30 - 08:20','Monday'),('COS221','IT 2-26',1,'G01','15:30 - 16:20','Monday'),('COS221','IT 2-26',2,'G01','07:30 - 08:20','Wednesday'),('COS221','IT 4-4',3,'G01','11:30 - 12:20','Thursday'),('COS226','EMS 4-151',2,'G01','14:30 - 15:20','Tuesday'),('COS226','EMS 4-151',4,'G01','15:30 - 16:20','Friday'),('COS284','IT 2-26',1,'G01','10:30 - 11:20','Monday'),('COS284','IT 4-1',4,'G01','13:30 - 14:20','Friday'),('COS284','IT 4-4',2,'G01','07:30 - 08:20','Tuesday'),('COS301','IT 4-3',2,'G01','10:30 - 11:20','Friday'),('COS314','IT 2-25',2,'G01','10:30 - 11:20','Wednesday'),('COS314','IT 4-2',1,'G01','08:30 - 09:20','Tuesday'),('COS326','IT 2-24',2,'G01','13:30 - 14:20','Wednesday'),('COS326','IT 4-2',1,'G01','12:30 - 13:20','Tuesday'),('COS330','IT 2-26',1,'G01','07:30 - 08:20','Monday'),('COS330','IT 4-4',2,'G01','07:30 - 08:20','Thursday'),('COS332','IT 4-1',1,'G01','12:30 - 13:20','Monday'),('COS332','IT 4-4',2,'G01','15:30 - 16:20','Wednesday'),('COS333','IT 4-3',1,'G01','15:30 - 16:20','Monday'),('COS333','IT 4-3',2,'G01','13:30 - 14:20','Thursday'),('COS344','IT 4-2',1,'G01','07:30 - 08:20','Monday'),('COS344','IT 4-4',2,'G01','08:30 - 09:20','Friday'),('ENV101','Muller Hall',2,'G01','14:30 - 15:20','Wednesday'),('ENV101','Te Water Hall',1,'G01','12:30 - 13:20','Monday'),('FIL251','Centenary 1',1,'G03/Q3','15:30 - 16:20','Monday'),('FIL251','EMS 4-150',2,'G01/Q2','11:30 - 12:20','Tuesday'),('FIL251','EMS 4-150',2,'G05/Q4','12:30 - 13:20','Tuesday'),('FIL251','HB 3-23',2,'G06/Q4','07:30 - 08:20','Tuesday'),('FIL251','HB 4-3',1,'G06/Q4','07:30 - 08:20','Monday'),('FIL251','IT 2-26',1,'G01/Q2','14:30 - 15:20','Monday'),('FIL251','Louw Hall',2,'G03/Q3','14:30 - 15:20','Wednesday'),('FIL251','Roos Hall',2,'G02/Q2','15:30 - 16:20','Tuesday'),('FIL251','Roos Hall',2,'G04/Q3','16:30 - 17:20','Wednesday'),('FIL251','Thuto 1-2',1,'G04/Q3','07:30 - 08:20','Tuesday'),('FIL251','Van Der Bijl Hall',1,'G02/Q2','15:30 - 16:20','Monday'),('GGY156','Te Water Hall',1,'G01','12:30 - 13:20','Monday'),('GGY156','Te Water Hall',3,'G01','11:30 - 12:20','Friday'),('GGY166','AE Annex',1,'G01','10:30 - 11:20','Monday'),('GGY166','AE Annex',2,'G01','07:30 - 08:20','Wednesday'),('GGY166','AE Annex',3,'G01','15:30 - 16:20','Thursday'),('GGY283','HB 4-14',1,'G01','10:30 - 11:20','Monday'),('GGY283','HB 4-14',2,'G01','08:30 - 09:20','Thursday'),('GIS220','Geography 1-2',1,'G01','09:30 - 10:20','Monday'),('GIS310','Geography 1-2',1,'G01','11:30 - 12:20','Monday'),('GIS310','Geography 1-2',2,'G01','09:30 - 10:20','Wednesday'),('GIS320','Geography 2-9',1,'G01','10:30 - 11:20','Monday'),('GIS320','Geography 2-9',2,'G01','08:30 - 09:20','Thursday'),('GMA220','HB 3-14',2,'G01','07:30 - 08:20','Wednesday'),('GMA220','IT 2-25',1,'G01','09:30 - 10:20','Monday'),('GMC110','HB 3-23',1,'G01','08:30 - 09:20','Tuesday'),('GMC110','HB 3-23',3,'G01','10:30 - 11:20','Friday'),('GMC110','HB 4-8',2,'G01','08:30 - 09:20','Thursday'),('GTS161','Roos Hall',2,'G01','07:30 - 08:20','Tuesday'),('GTS161','Roos Hall',2,'G02','08:30 - 09:20','Tuesday'),('GTS161','Thuto 1-1',1,'G01','11:30 - 12:20','Monday'),('GTS161','Thuto 3-1',1,'G02','09:30 - 10:20','Monday'),('GTS251','Thuto 1-1',1,'G01','07:30 - 08:20','Monday'),('GTS251','Thuto 1-1',2,'G01','11:30 - 12:20','Friday'),('GTS261','Large Chemistry',1,'G01','12:30 - 13:20','Monday'),('GTS261','Thuto 1-2',1,'G01','12:30 - 13:20','Monday'),('GTS354','Louw Hall',3,'G01','14:30 - 15:20','Friday'),('GTS354','Thuto 3-1',2,'G01','09:30 - 10:20','Wednesday'),('GTS367','Agric Annex 2-18',1,'G01','14:30 - 15:20','Monday'),('GTS367','IT 2-26',1,'G01','09:30 - 10:20','Monday'),('IMY210','IT 2-26',2,'G01','08:30 - 09:20','Friday'),('IMY220','HB 4-7',2,'G01','09:30 - 10:20','Wednesday'),('IMY220','HB 4-9',1,'G01','08:30 - 09:20','Tuesday'),('IMY310','HB 3-23',1,'G01','09:30 - 10:20','Monday'),('IMY310','HB 4-13',3,'G01','12:30 - 13:20','Thursday'),('INF154','Centenary 2',1,'G01','07:30 - 08:20','Thursday'),('INF154','Centenary 4',1,'G02','11:30 - 12:20','Thursday'),('INF164','Louw Hall',1,'G01','09:30 - 10:20','Monday'),('INF171','Centenary 2',1,'G01','15:30 - 16:20','Tuesday'),('INF171','IT 2-23',1,'G02','09:30 - 10:20','Thursday'),('INF171','IT 4-1',1,'G02','15:30 - 16:20','Wednesday'),('INF171','Van Der Bijl Hall',1,'G01','12:30 - 13:20','Tuesday'),('INF272','Informatorium Blue lab 1',1,'G04','08:30 - 09:20','Wednesday'),('INF272','Informatorium SIT 1 lab',1,'G01','09:30 - 10:20','Tuesday'),('INF272','Informatorium SIT 1 lab',1,'G02','12:30 - 13:20','Tuesday'),('INF354','Informatorium SIT 1 lab',1,'G01','08:30 - 09:20','Thursday'),('INF354','Informatorium SIT 1 lab',2,'G02','14:30 - 15:20','Thursday'),('KRG110','Thuto 1-2',1,'G02','12:30 - 13:20','Tuesday'),('KRG110','Thuto 3-1',2,'G01','10:30 - 11:20','Tuesday'),('KRG110','Thuto 3-2',1,'G01','10:30 - 11:20','Monday'),('KRG110','Thuto 3-2',2,'G02','14:30 - 15:20','Wednesday'),('KRG120','Louw Hall',1,'G02','10:30 - 11:20','Monday'),('KRG120','Louw Hall',2,'G02','12:30 - 13:20','Thursday'),('KRG120','Thuto 3-2',2,'G01','08:30 - 09:20','Wednesday'),('KRG200','Centenary 1',1,'G01','16:30 - 17:20','Monday'),('KRG200','Centenary 2',1,'G02','14:30 - 16:20','Monday'),('KRG200','Centenary 4',2,'G02','14:30 - 16:20','Tuesday'),('KRM110','Thuto 1-1',2,'G01','16:30 - 17:20','Thursday'),('KRM110','Thuto 1-1',2,'G02','15:30 - 16:20','Thursday'),('KRM110','Thuto 3-2',1,'G02','10:30 - 11:20','Tuesday'),('KRM120','Large Chemistry',1,'G02','08:30 - 09:20','Tuesday'),('KRM120','Roos Hall',1,'G01','09:30 - 10:20','Tuesday'),('KRM120','Thuto 1-2',2,'G01','10:30 - 11:20','Friday'),('KRM120','Thuto 3-1',2,'G02','09:30 - 10:20','Friday'),('KRM210','Thuto 1-2',1,'G01','08:30 - 09:20','Tuesday'),('KRM210','Thuto 1-2',2,'G01','13:30 - 14:20','Friday'),('KRM220','Roos Hall',2,'G01','11:30 - 12:20','Friday'),('KRM220','Thuto 3-1',1,'G01','10:30 - 11:20','Wednesday'),('KRM310','AE du Toit Auditorium',1,'G02','11:30 - 12:20','Tuesday'),('KRM310','Louw Hall',2,'G02','11:30 - 12:20','Thursday'),('KRM320','Thuto 1-2',1,'G02','13:30 - 14:20','Tuesday'),('KRM320','Thuto 3-1',2,'G02','14:30 - 15:20','Thursday'),('KUB420','HB 4-8',1,'G01','09:30 - 11:20','Tuesday'),('LOJ456','Kirkman building',1,'G01','09:30','Friday'),('MBY161','Roos Hall',2,'G01','12:30 - 13:20','Friday'),('MBY161','Thuto 1-1',1,'G01','13:30 - 14:20','Thursday'),('MBY161','Thuto 1-1',2,'G02','10:30 - 11:20','Friday'),('MBY161','Thuto 3-1',1,'G02','08:30 - 09:20','Thursday'),('MBY251','Thuto 1-1',2,'G01','08:30 - 09:20','Tuesday'),('MBY261','Centenary 5',1,'G01','16:30 - 17:20','Monday'),('MBY261','Large Chemistry',2,'G01','08:30 - 09:20','Wednesday'),('MGS100','Consult Dept',1,'G01','10:30 - 11:20','Monday'),('MGS100','Consult Dept',2,'G01','14:30 - 15:20','Tuesday'),('MGS100','Consult Dept',3,'G01','14:30 - 15:20','Thursday'),('MLB111','Roos Hall',1,'G02','07:30 - 08:20','Monday'),('MLB111','Roos Hall',2,'G02','08:30 - 09:20','Tuesday'),('MLB111','Roos Hall',3,'G01','07:30 - 08:20','Wednesday'),('MLB111','Roos Hall',3,'G02','09:30 - 10:20','Wednesday'),('MLB111','Roos Hall',3,'G03','08:30 - 09:20','Wednesday'),('MLB111','Roos Hall',4,'G02','11:30 - 12:20','Friday'),('MLB111','Thuto 1-1',4,'G01','09:30 - 10:20','Friday'),('MLB111','Thuto 1-1',4,'G03','08:30 - 09:20','Friday'),('MLB111','Thuto 1-2',1,'G01','10:30 - 11:20','Monday'),('MLB111','Thuto 1-2',1,'G03','09:30 - 10:20','Monday'),('OBS114','HB 4-1',2,'G02','13:30 - 14:20','Wednesday'),('OBS114','HB 4-1',3,'G01','15:30 - 16:20','Friday'),('OBS114','HB 4-3',1,'G01','10:30 - 11:20','Tuesday'),('OBS114','HB 4-3',2,'G03','13:30 - 14:20','Wednesday'),('OBS114','Muller Hall',1,'G03','09:30 - 10:20','Tuesday'),('OBS114','Te Water Hall',3,'G03','12:30 - 13:20','Friday'),('OBS124','Centenary 1',2,'G03','08:30 - 09:20','Tuesday'),('OBS124','Centenary 5',3,'G01','09:30 - 10:20','Friday'),('OBS124','EMS 4-151',2,'G02','08:30 - 09:20','Tuesday'),('OBS124','IT 2-26',1,'G02','14:30 - 15:20','Monday'),('OBS124','Law building 1-54',1,'G01','10:30 - 11:20','Monday'),('OBS124','Roos Hall',3,'G03','09:30 - 10:20','Friday'),('OBS124','Te Water Hall',3,'G02','08:30 - 09:20','Friday'),('OBS124','Van Der Bijl Hall',2,'G01','08:30 - 09:20','Wednesday'),('OBS210','Centenary 3',2,'G02','07:30 - 08:20','Thursday'),('OBS210','HB 4-2',3,'G02','07:30 - 08:20','Friday'),('OBS210','Law Building 1-54',2,'G01','15:30 - 16:20','Wednesday'),('OBS210','Law Building 1-54',3,'G01','08:30 - 09:20','Friday'),('OBS210','Thuto 3-2',1,'G03','12:30 - 13:20','Monday'),('OBS210','Van Der Bijl Hall',1,'G02','14:30 - 15:20','Tuesday'),('OBS220','Centenary 2',1,'G01','13:30 - 14:20','Tuesday'),('OBS220','Centenary 5',2,'G01','10:30 - 11:20','Wednesday'),('OBS220','EMS 4-152',3,'G02','07:30 - 08:20','Friday'),('OBS220','Large Chemistry',1,'G02','12:30 - 13:20','Monday'),('OBS220','Thuto 1-2',1,'G03','13:30 - 14:20','Monday'),('OBS220','Thuto 1-2',2,'G03','14:30 - 15:20','Wednesday'),('OBS310','Centenary 1',1,'G02','11:30 - 12:20','Tuesday'),('OBS310','Centenary 1',3,'G01','09:30 - 10:20','Friday'),('OBS310','Centenary 3',3,'G02','11:30 - 12:20','Friday'),('OBS310','IT 2-23',1,'G01','09:30 - 10:20','Tuesday'),('OBS310','IT 2-23',2,'G01','11:30 - 12:20','Thursday'),('OBS310','IT 2-23',2,'G02','10:30 - 11:20','Thursday'),('OBS320','AE du Toit Auditorium',1,'G01','08:30 - 09:20','Monday'),('OBS320','AE du Toit Auditorium',2,'G01','10:30 - 11:20','Tuesday'),('OBS320','AE du Toit Auditorium',3,'G01','13:30 - 14:20','Friday'),('OBS320','Centenary 6',2,'G02','07:30 - 08:20','Wednesday'),('OBS320','EMS 4-152',3,'G02','12:30 - 13:20	','Friday'),('OBS320','IT 2-23',1,'G02','12:30 - 13:20','Monday'),('OBS359','Louw Hall',1,'G01','14:30 - 15:20','Monday'),('OBS359','Louw Hall',2,'G01','12:30 - 13:20','Tuesday'),('OBS359','Roos Hall',3,'G01','16:30 - 17:20','Thursday'),('OBS369','EMS 4-152',1,'G01','13:30 - 14:20','Monday'),('OBS369','EMS 4-152',3,'G01','09:30 - 10:20','Thursday'),('OBS369','IT 2-23',2,'G01','11:30 - 12:20','Wednesday'),('STC122','Thuto 1-1',1,'G01','14:30 - 15:20','Monday'),('STC122','Thuto 1-1',2,'G01','11:30 - 13:20','Tuesday'),('STK110','Centenary 3',1,'G03','11:30-12:30','Monday'),('STK110','Centenary 3',2,'G03','09:30-10:30','Tuesday'),('STK110','Centenary 5',3,'G03','07:30-08:30','Wednesday'),('STK110','IT 2-23',2,'G02','11:30-12:30','Tuesday'),('STK110','IT 2-23',3,'G02','14:30-15:30','Thursday'),('STK110','IT 4-1',1,'G02','14:30-15:30','Monday'),('STK110','Thuto 1-1',1,'G01','14:30-15:30','Monday'),('STK110','Thuto 1-2',2,'G01','11:30-12:30','Tuesday'),('STK110','Thuto 1-2',2,'G04','08:30-09:30','Wednesday'),('STK110','Thuto 3-1',1,'G04','16:30-17:30','Monday'),('STK110','Thuto 3-1',3,'G01','14:30-15:30','Thursday'),('STK110','Thuto 3-1',3,'G04','10:30-11:30','Thursday'),('STK210','IT 2-23',2,'G01','08:30 - 09:20','Thursday'),('STK210','IT 2-23',3,'G01','08:30 - 09:20','Friday'),('STK220','EMS 4-152',1,'G01','08:30 - 09:20','Tuesday'),('STK220','EMS 4-152',2,'G01','08:30 - 09:20','Wednesday'),('STK220','EMS 4-152',3,'G01','08:30 - 09:20','Friday'),('STK353','Informatorium Brown lab',3,'G01','11:30 - 12:20','Thursday'),('STK353','Informatorium SIT 1 lab',3,'G01','11:30 - 12:20','Thursday'),('STK353','IT 4-3',1,'G01','07:30 - 08:20','Monday'),('STK353','IT 4-3',2,'G01','15:30 - 16:20','Wednesday'),('TST123','Thuto 1-2',1,'G01','12:20','Wednesday'),('WST212','EMS 4-152',2,'G01','09:30 - 10:20','Thursday'),('WST212','Van Der Bijl Hall',1,'G01','11:30 - 12:20','Tuesday'),('WTW115','Centenary 5',2,'G02','12:30 - 13:20','Wednesday'),('WTW115','HB 4-2',1,'G02','07:30 - 08:20','Monday'),('WTW115','Thuto 3-1',1,'G01','10:30 - 11:20','Monday'),('WTW134','AE Annex',2,'G03','13:30 - 14:20','Wednesday'),('WTW134','Centenary 4',2,'G02','09:30 - 10:20','Wednesday'),('WTW134','Centenary 6',3,'G03','11:30 - 12:20','Thursday'),('WTW134','HB 4-2',4,'G03','12:30 - 13:20','Friday'),('WTW134','HB 4-3',1,'G02','09:30 - 10:20','Tuesday'),('WTW134','IT 2-23',2,'G01','09:30 - 10:20','Wednesday'),('WTW134','IT 2-23',4,'G01','07:30 - 08:20','Friday'),('WTW134','IT 4-4',4,'G02','07:30 - 08:20','Friday'),('WTW134','IT 4-5',1,'G01','13:30 - 14:20','Monday'),('WTW134','Thuto 1-1',3,'G03','08:30 - 09:20','Wednesday'),('WTW134','Thuto 1-2',4,'G03','07:30 - 08:20','Friday'),('WTW134','Thuto 3-1',1,'G03','08:30 - 09:20','Monday'),('WTW134','Thuto 3-2',2,'G03','09:30 - 10:20','Tuesday'),('WTW146','Centenary 2',2,'G01','07:30 - 08:20','Friday'),('WTW148','Centenary 2',2,'G01','08:30 - 09:20','Wednesday'),('WTW148','IT 4-1',1,'G01','12:30 - 13:20','Monday'),('WTW152','Centenary 1',2,'G01','07:30 - 08:20','Wednesday'),('WTW152','Centenary 5',1,'G01','12:30 - 13:20','Monday'),('WTW152','Centenary 6',1,'G01','09:30 - 10:20','Monday'),('WTW152','Centenary 6',2,'G01','11:30 - 12:20','Wednesday'),('WTW285','IT 2-23',1,'G01','11:30 - 12:20','Monday'),('WTW285','IT 2-25',1,'G01','11:30 - 12:20','Monday');
/*!40000 ALTER TABLE `lecture` ENABLE KEYS */;
UNLOCK TABLES;

--
-- Table structure for table `module`
--

DROP TABLE IF EXISTS `module`;
/*!40101 SET @saved_cs_client     = @@character_set_client */;
/*!50503 SET character_set_client = utf8mb4 */;
CREATE TABLE `module` (
  `module_Code` varchar(7) NOT NULL,
  `description` varchar(60) NOT NULL,
  `module_Year` int(1) NOT NULL,
  `module_Semester` varchar(10) NOT NULL,
  `module_Capacity` int(4) NOT NULL,
  PRIMARY KEY (`module_Code`)
) ENGINE=InnoDB DEFAULT CHARSET=utf8;
/*!40101 SET character_set_client = @saved_cs_client */;

--
-- Dumping data for table `module`
--

LOCK TABLES `module` WRITE;
/*!40000 ALTER TABLE `module` DISABLE KEYS */;
INSERT INTO `module` VALUES ('AIM101','management',1,'First',0),('AIM111','management',1,'First',0),('AIM121','management',1,'Second',0),('ALL121','Technology',1,'Second',0),('BEM120','Marketing management',1,'Second',0),('BEM212','Consumer behaviour',2,'First',0),('BME120','Biometry',1,'Second',0),('BOT161','Plant Biology',1,'Second',0),('BTC361','Plant genetics and crop biotechnology',3,'Second',0),('COS101','s',1,'First',1),('COS110','Program Design: Introduction',1,'Second',0),('COS122','Operating Systems',1,'Second',0),('COS132','Imperative Programming',1,'First',0),('COS151','Introduction to Computer Science',1,'First',0),('COS210','Theoretical Computer Science',2,'First',0),('COS212','Data Structures & Algorithms',2,'First',0),('COS214','Software modelling',2,'Second',0),('COS216','Netcentric Computer Systems',2,'First',0),('COS221','Introduction to Database systems',2,'First',0),('COS226','Concurrent Systems',2,'Second',0),('COS284','Computer Organisation and Architecture',2,'Second',0),('COS301','Software Engineering',3,'Year',0),('COS314','Artificial Intelligence',3,'First',0),('COS326','Database systems',3,'Second',0),('COS330','Computer security & ethics',3,'Second',0),('COS332','Computer Networks',3,'First',0),('COS333','Programming Languages',3,'Second',0),('COS344','Computer Graphics',3,'Second',0),('ENV101','Introduction to Environmental Sciences',1,'First',0),('FIL251','philosophy',2,'Year',0),('GGY156','Aspects of Human Geography',1,'First',0),('GGY166','Southern African Geomorphology',1,'Second',0),('GGY283','Introductory GIS',2,'First',0),('GIS220','Geographical Data Analysis',2,'Second',0),('GIS310','Geographic Information Systems',3,'First',0),('GIS320','Spatial Analysis',3,'Second',0),('GMA220','Remote Sensing',2,'First',0),('GMC110','Cartography',1,'Second',0),('GTS161','Plant Biology',1,'Second',0),('GTS251','Molecular Genetics',2,'First',0),('GTS261','Genetic Diversity and Evolution',2,'Second',0),('GTS354','Genome evolution and phylogenetics',3,'First',0),('GTS367','Population and evolutionary genetics',3,'First',0),('IMY210','Multimedia \'96 Advanced Markup Language (1)',2,'First',0),('IMY220','Multimedia \'96 Advanced Markup Language (2)',2,'Second',0),('IMY310','Multimedia \'96 Human Computer Interaction',3,'First',0),('INF154','Informatics',1,'First',0),('INF164','Informatics',1,'Second',0),('INF171','Informatics',1,'Year',0),('INF272','Informatics',2,'Year',0),('INF354','Informatics',3,'First',0),('JCP202','Community-based Project',2,'Year',0),('KRG110','Commercial Law',1,'First',0),('KRG120','Commercial Law',1,'Second',0),('KRG200','Commercial Law',2,'Year',0),('KRM110','Criminology',1,'First',0),('KRM120','Criminology',1,'Second',0),('KRM210','Criminology',2,'First',0),('KRM220','Criminology',2,'Second',0),('KRM310','Criminology',3,'First',0),('KRM320','Criminology',3,'Second',0),('KUB420','Cyber Law',3,'Second',0),('LOJ456','pillow folding',1,'First',0),('LOJ789','pillow folding 2',1,'First',59),('MBY161','Introduction to Microbiology',1,'Second',0),('MBY251','Bacteriology',2,'First',0),('MBY261','Mycology',2,'Second',0),('MCS200','Music technology',1,'Year',0),('MCS302','Music technology',2,'Year',0),('MCS402','Music technology',3,'Year',0),('MGS100','Musicology',1,'Year',0),('MLB111','Plant Biology',1,'First',0),('OBS114','Business Management',1,'First',0),('OBS124','Business Management',1,'Second',0),('OBS210','Business Management: Logistics Management',2,'First',0),('OBS220','Business mangement: Project management',2,'Second',0),('OBS310','Human Resource Management',3,'First',0),('OBS320','Business Management',3,'Second',0),('OBS359','International Business Management',3,'First',0),('OBS369','International Financial Management',3,'Second',0),('STC122','Statistics',1,'Second',0),('STK110','Statistics',1,'First',0),('STK210','Statistics',2,'First',0),('STK220','Statistics',2,'Second',0),('STK353','The science of data analytics',3,'Second',0),('TST123','tester',1,'First',0),('UPO112','Academic orientation',1,'First',0),('WST212','Application in Data Science',1,'First',0),('WTW115','Discrete Structures',1,'First',0),('WTW134','Calculus',1,'First',0),('WTW146','Linear algebra',1,'Second',0),('WTW148','Calculus',1,'Second',0),('WTW152','Mathematical modelling',1,'First',0),('WTW285','Introduction to Database systems',2,'Second',0);
/*!40000 ALTER TABLE `module` ENABLE KEYS */;
UNLOCK TABLES;

--
-- Table structure for table `prerequisite`
--

DROP TABLE IF EXISTS `prerequisite`;
/*!40101 SET @saved_cs_client     = @@character_set_client */;
/*!50503 SET character_set_client = utf8mb4 */;
CREATE TABLE `prerequisite` (
  `module_Code` varchar(7) NOT NULL,
  `prereq` varchar(30) NOT NULL DEFAULT 'none',
  PRIMARY KEY (`module_Code`,`prereq`),
  CONSTRAINT `prerequisite_ibfk_1` FOREIGN KEY (`module_Code`) REFERENCES `module` (`module_Code`)
) ENGINE=InnoDB DEFAULT CHARSET=utf8;
/*!40101 SET character_set_client = @saved_cs_client */;

--
-- Dumping data for table `prerequisite`
--

LOCK TABLES `prerequisite` WRITE;
/*!40000 ALTER TABLE `prerequisite` DISABLE KEYS */;
INSERT INTO `prerequisite` VALUES ('AIM101','none'),('AIM111','none'),('AIM121','none'),('BEM212','BEM120'),('BME120','none'),('BOT161','MLB111GS'),('COS110','COS132'),('COS110','COS151'),('COS110','none'),('COS122','COS132'),('COS132','none'),('COS151','none'),('COS210','COS110'),('COS210','COS151'),('COS212','COS110'),('COS214','COS212'),('COS216','COS110'),('COS221','COS110'),('COS226','COS122'),('COS226','COS212'),('COS284','COS212'),('COS301','COS212'),('COS301','COS214'),('COS314','COS110'),('COS326','COS221'),('COS330','COS110'),('COS332','COS216'),('COS333','COS110'),('GGY283','GMC110'),('GIS220','GMC110'),('GIS310','GGY283'),('GIS320','GGY283'),('GIS320','GIS310'),('GMA220','GMC110'),('GTS161','MLB111GS'),('GTS251','GTS161'),('GTS261','GTS251'),('IMY210','IMY110'),('IMY220','IMY210'),('IMY220','IMY216'),('IMY310','Departmental Selection'),('INF154','none'),('INF164','INF154'),('INF171','none'),('INF272','INF164'),('INF354','INF225'),('INF354','INF261'),('INF354','INF271'),('INF354','INF272'),('JCP202','none'),('KRG120','KRG110'),('KRG200','KRG120'),('KRM120','KRM110'),('KRM210','KRM110'),('KRM210','KRM120'),('KRM220','KRM110'),('KRM220','KRM120'),('KRM220','KRM210'),('KRM310','KRM210'),('KRM310','KRM220'),('KRM320','KRM210'),('KRM320','KRM220'),('KRM320','KRM310'),('KUB420','none'),('MBY251','MBY161'),('MBY261','MBY161'),('MCS200','none'),('MCS302','none'),('MCS402','none'),('MGS100','none'),('MLB111','none'),('OBS210','OBS124'),('OBS220','OBS124'),('OBS310','OBS124'),('OBS320','OBS124'),('OBS359','OBS124'),('STC122','STK110'),('STK110','none'),('STK210','STK110'),('STK210','STK120'),('STK220','STK210'),('STK353','STK210'),('STK353','STK220'),('UPO112','none'),('WST212','STC122'),('WST212','STK110'),('WTW115','none'),('WTW134','none'),('WTW146','none'),('WTW148','WTW114GS or WTW134'),('WTW148','WTW134'),('WTW152','none'),('WTW285','WTW115');
/*!40000 ALTER TABLE `prerequisite` ENABLE KEYS */;
UNLOCK TABLES;

--
-- Table structure for table `student`
--

DROP TABLE IF EXISTS `student`;
/*!40101 SET @saved_cs_client     = @@character_set_client */;
/*!50503 SET character_set_client = utf8mb4 */;
CREATE TABLE `student` (
  `Student_Number` varchar(8) NOT NULL,
  `first_Name` varchar(30) NOT NULL,
  `last_Name` varchar(20) NOT NULL,
  `years_Completed` int(1) NOT NULL,
  `final_Mark` int(11) DEFAULT NULL,
  PRIMARY KEY (`Student_Number`)
) ENGINE=InnoDB DEFAULT CHARSET=utf8;
/*!40101 SET character_set_client = @saved_cs_client */;

--
-- Dumping data for table `student`
--

LOCK TABLES `student` WRITE;
/*!40000 ALTER TABLE `student` DISABLE KEYS */;
INSERT INTO `student` VALUES ('12345678','Monster','Duck',1,0),('18304110','Simon','Nkosi',3,NULL),('18304308','Mo','Sitter',3,NULL),('18309378','Tiaan','Scott',2,NULL),('18384599','Jessica','Goodall',3,NULL),('18526710','Issabella','Jokker',3,NULL),('18779754','Ben','Tyopo',3,NULL),('18976142','Rebekah','Keys',2,NULL),('19003402','Jackson','Poacher',1,NULL),('19222056','Arno','De Villiars',2,NULL),('19222108','Peter','Stripes',2,NULL),('19304308','Kieran','Woodrow',2,NULL),('19314512','Alex','Driller',1,NULL),('19345678','John','Williams',1,NULL),('19423167','Dylan','Floop',2,NULL),('19449892','Connor','Fryer',2,NULL),('19455341','Calvin','Amzitot',2,NULL),('19678423','Papa','Zutho',2,NULL),('19894586','Noah','Tregg',2,NULL),('20110921','Trent','Kekana',1,NULL),('20121365','Vele','Robinson',1,NULL),('20330984','Liam','Bonnet',1,NULL),('20334312','Sam','Langer',1,NULL),('20444321','Hunter','Yenthux',1,NULL),('20458957','Caity','Meenter',1,NULL),('20556908','Siya','Moyo',1,NULL),('20787621','Amy','Volder',1,NULL),('20878909','Markus','Olifant',1,NULL),('20881212','Duncan','Rose',1,NULL),('20906752','Olivia','Rose',1,NULL),('20998121','Daniel','Ndlovu',1,NULL),('21001100','Bob','Marley',0,0),('21134210','Olivia','TV',0,0),('21209653','Handmea','Earphone',0,0),('21679835','Bailey','Brick',0,0),('21987435','Hansa','myBoy',0,0),('87654321','Pillow','Talk',1,NULL);
/*!40000 ALTER TABLE `student` ENABLE KEYS */;
UNLOCK TABLES;

--
-- Table structure for table `student_Module_Current_And_Previous_Year`
--

DROP TABLE IF EXISTS `student_Module_Current_And_Previous_Year`;
/*!40101 SET @saved_cs_client     = @@character_set_client */;
/*!50503 SET character_set_client = utf8mb4 */;
CREATE TABLE `student_Module_Current_And_Previous_Year` (
  `SID` int(11) NOT NULL AUTO_INCREMENT,
  `student_Number` varchar(8) NOT NULL,
  `module_Code` varchar(7) NOT NULL,
  `mark` int(3) NOT NULL DEFAULT '0',
  `stat` varchar(12) NOT NULL DEFAULT 'Registered',
  PRIMARY KEY (`SID`),
  KEY `student_Number` (`student_Number`),
  KEY `module_Code` (`module_Code`),
  CONSTRAINT `student_Module_Current_And_Previous_Year_ibfk_1` FOREIGN KEY (`student_Number`) REFERENCES `student` (`Student_Number`),
  CONSTRAINT `student_Module_Current_And_Previous_Year_ibfk_2` FOREIGN KEY (`module_Code`) REFERENCES `module` (`module_Code`)
) ENGINE=InnoDB AUTO_INCREMENT=626 DEFAULT CHARSET=utf8;
/*!40101 SET character_set_client = @saved_cs_client */;

--
-- Dumping data for table `student_Module_Current_And_Previous_Year`
--

LOCK TABLES `student_Module_Current_And_Previous_Year` WRITE;
/*!40000 ALTER TABLE `student_Module_Current_And_Previous_Year` DISABLE KEYS */;
INSERT INTO `student_Module_Current_And_Previous_Year` VALUES (1,'19003402','UPO112',70,'pass'),(2,'19003402','ALL121',79,'pass'),(3,'19003402','AIM101',66,'pass'),(4,'19003402','COS132',80,'pass'),(5,'19003402','COS151',75,'pass'),(6,'19003402','COS110',90,'pass'),(7,'19003402','COS122',90,'pass'),(8,'19003402','WTW115',69,'pass'),(9,'19003402','WTW134',70,'pass'),(10,'19003402','WTW146',45,'fail'),(11,'19003402','WTW148',45,'fail'),(12,'19003402','WTW152',70,'pass'),(13,'19003402','STK110',80,'pass'),(14,'19003402','STC122',78,'pass'),(15,'19314512','UPO112',78,'pass'),(16,'19314512','ALL121',33,'fail'),(17,'19314512','AIM101',70,'pass'),(18,'19314512','COS132',80,'pass'),(19,'19314512','COS151',60,'pass'),(20,'19314512','COS110',49,'fail'),(21,'19314512','COS122',90,'pass'),(22,'19314512','WTW115',69,'pass'),(23,'19314512','WTW134',70,'pass'),(24,'19314512','WTW146',45,'fail'),(25,'19314512','WTW148',45,'fail'),(26,'19314512','WTW152',70,'pass'),(27,'19314512','STK110',80,'pass'),(28,'19314512','STC122',78,'pass'),(29,'19345678','UPO112',60,'pass'),(30,'19345678','ALL121',60,'pass'),(31,'19345678','AIM101',99,'pass'),(32,'19345678','COS132',87,'pass'),(33,'19345678','COS151',69,'pass'),(34,'19345678','COS110',50,'pass'),(35,'19345678','COS122',87,'pass'),(36,'19345678','WTW115',80,'pass'),(37,'19345678','WTW134',72,'pass'),(38,'19345678','WTW146',78,'pass'),(39,'19345678','WTW148',90,'pass'),(40,'19345678','WTW152',77,'pass'),(41,'19345678','STK110',88,'pass'),(42,'19345678','STC122',72,'pass'),(43,'20110921','UPO112',67,'pass'),(44,'20110921','ALL121',67,'pass'),(45,'20110921','AIM101',99,'pass'),(46,'20110921','COS132',87,'pass'),(47,'20110921','COS151',69,'pass'),(48,'20110921','COS110',48,'fail'),(49,'20110921','COS122',82,'pass'),(50,'20110921','WTW115',78,'pass'),(51,'20110921','WTW134',65,'pass'),(52,'20110921','WTW146',36,'fail'),(53,'20110921','WTW148',90,'pass'),(54,'20110921','WTW152',72,'pass'),(55,'20110921','STK110',81,'pass'),(56,'20110921','STC122',71,'pass'),(57,'20121365','UPO112',60,'pass'),(58,'20121365','ALL121',89,'pass'),(59,'20121365','AIM101',66,'pass'),(60,'20121365','COS132',56,'pass'),(61,'20121365','COS151',69,'pass'),(62,'20121365','COS110',50,'pass'),(63,'20121365','COS122',76,'pass'),(64,'20121365','WTW115',70,'pass'),(65,'20121365','WTW134',62,'pass'),(66,'20121365','WTW146',51,'pass'),(67,'20121365','WTW148',78,'pass'),(68,'20121365','WTW152',60,'pass'),(69,'20121365','STK110',54,'pass'),(70,'20121365','STC122',54,'pass'),(71,'20330984','UPO112',60,'pass'),(72,'20330984','ALL121',30,'fail'),(73,'20330984','AIM101',68,'pass'),(74,'20330984','COS132',54,'pass'),(75,'20330984','COS151',64,'pass'),(76,'20330984','COS110',54,'pass'),(77,'20330984','COS122',74,'pass'),(78,'20330984','WTW115',74,'pass'),(79,'20330984','WTW134',69,'pass'),(80,'20330984','WTW146',53,'pass'),(81,'20330984','WTW148',73,'pass'),(82,'20330984','WTW152',63,'pass'),(83,'20330984','STK110',53,'pass'),(84,'20330984','STC122',53,'pass'),(85,'20334312','UPO112',70,'pass'),(86,'20334312','ALL121',70,'pass'),(87,'20334312','AIM101',68,'pass'),(88,'20334312','COS132',54,'pass'),(89,'20334312','COS151',63,'pass'),(90,'20334312','COS110',53,'pass'),(91,'20334312','COS122',64,'pass'),(92,'20334312','WTW115',54,'pass'),(93,'20334312','WTW134',59,'pass'),(94,'20334312','WTW146',59,'pass'),(95,'20334312','WTW148',73,'pass'),(96,'20334312','WTW152',73,'pass'),(97,'20334312','STK110',93,'pass'),(98,'20334312','STC122',53,'pass'),(99,'20444321','UPO112',76,'pass'),(100,'20444321','ALL121',89,'pass'),(101,'20444321','AIM101',55,'pass'),(102,'20444321','COS132',53,'pass'),(103,'20444321','COS151',53,'pass'),(104,'20444321','COS110',52,'pass'),(105,'20444321','COS122',54,'pass'),(106,'20444321','WTW115',52,'pass'),(107,'20444321','WTW134',52,'pass'),(108,'20444321','WTW146',69,'pass'),(109,'20444321','WTW148',72,'pass'),(110,'20444321','WTW152',73,'pass'),(111,'20444321','STK110',63,'pass'),(112,'20444321','STC122',93,'pass'),(113,'20458957','UPO112',56,'pass'),(114,'20458957','ALL121',59,'pass'),(115,'20458957','AIM101',55,'pass'),(116,'20458957','COS132',53,'pass'),(117,'20458957','COS151',53,'pass'),(118,'20458957','COS110',52,'pass'),(119,'20458957','COS122',54,'pass'),(120,'20458957','WTW115',52,'pass'),(121,'20458957','WTW134',58,'pass'),(122,'20458957','WTW146',59,'pass'),(123,'20458957','WTW148',52,'pass'),(124,'20458957','STK110',53,'pass'),(125,'20458957','STC122',53,'pass'),(126,'20556908','UPO112',87,'pass'),(127,'20556908','ALL121',69,'pass'),(128,'20556908','AIM101',58,'pass'),(129,'20556908','COS132',54,'pass'),(130,'20556908','COS151',63,'pass'),(131,'20556908','COS110',45,'fail'),(132,'20556908','COS122',64,'pass'),(133,'20556908','WTW115',56,'pass'),(134,'20556908','WTW134',62,'pass'),(135,'20556908','WTW146',79,'pass'),(136,'20556908','WTW148',72,'pass'),(137,'20556908','WTW152',73,'pass'),(138,'20556908','STK110',56,'pass'),(139,'20556908','STC122',57,'pass'),(140,'20787621','UPO112',86,'pass'),(141,'20787621','ALL121',59,'pass'),(142,'20787621','AIM101',75,'pass'),(143,'20787621','COS132',90,'pass'),(144,'20787621','COS151',53,'pass'),(145,'20787621','COS110',62,'pass'),(146,'20787621','COS122',54,'pass'),(147,'20787621','WTW115',52,'pass'),(148,'20787621','WTW134',62,'pass'),(149,'20787621','WTW146',99,'pass'),(150,'20787621','WTW148',52,'pass'),(151,'20787621','WTW152',53,'pass'),(152,'20787621','STK110',76,'pass'),(153,'20787621','STC122',63,'pass'),(154,'20878909','UPO112',81,'pass'),(155,'20878909','ALL121',99,'pass'),(156,'20878909','AIM101',75,'pass'),(157,'20878909','COS132',90,'pass'),(158,'20878909','COS151',53,'pass'),(159,'20878909','COS110',82,'pass'),(160,'20878909','COS122',88,'pass'),(161,'20878909','WTW115',62,'pass'),(162,'20878909','WTW134',62,'pass'),(163,'20878909','WTW146',65,'pass'),(164,'20878909','WTW148',62,'pass'),(165,'20878909','WTW152',53,'pass'),(166,'20878909','STK110',76,'pass'),(167,'20878909','STC122',69,'pass'),(168,'20881212','UPO112',84,'pass'),(169,'20881212','ALL121',89,'pass'),(170,'20881212','AIM101',75,'pass'),(171,'20881212','COS132',90,'pass'),(172,'20881212','COS151',53,'pass'),(173,'20881212','COS110',82,'pass'),(174,'20881212','COS122',67,'pass'),(175,'20881212','WTW115',62,'pass'),(176,'20881212','WTW134',92,'pass'),(177,'20881212','WTW146',65,'pass'),(178,'20881212','WTW148',62,'pass'),(179,'20881212','WTW152',74,'pass'),(180,'20881212','STK110',76,'pass'),(181,'20881212','STC122',73,'pass'),(182,'20906752','UPO112',54,'pass'),(183,'20906752','ALL121',59,'pass'),(184,'20906752','AIM101',55,'pass'),(185,'20906752','COS132',50,'pass'),(186,'20906752','COS151',53,'pass'),(187,'20906752','COS110',52,'pass'),(188,'20906752','COS122',56,'pass'),(189,'20906752','WTW115',52,'pass'),(190,'20906752','WTW134',87,'pass'),(191,'20906752','WTW146',29,'fail'),(192,'20906752','WTW148',43,'fail'),(193,'20906752','WTW152',71,'pass'),(194,'20906752','STK110',76,'pass'),(195,'20906752','STC122',43,'fail'),(196,'20998121','UPO112',84,'pass'),(197,'20998121','ALL121',59,'pass'),(198,'20998121','UPO112',84,'pass'),(199,'20998121','AIM101',55,'pass'),(200,'20998121','COS132',90,'pass'),(201,'20998121','COS151',53,'pass'),(202,'20998121','COS110',78,'pass'),(203,'20998121','COS122',87,'pass'),(204,'20998121','WTW115',52,'pass'),(205,'20998121','WTW134',87,'pass'),(206,'20998121','WTW146',76,'pass'),(207,'20998121','WTW148',43,'fail'),(208,'20998121','WTW152',70,'pass'),(209,'20998121','STK110',76,'pass'),(210,'20998121','STC122',78,'pass'),(211,'18309378','COS210',73,'pass'),(212,'18309378','COS212',80,'pass'),(213,'18309378','COS214',63,'pass'),(214,'18309378','COS216',68,'pass'),(215,'18309378','COS221',98,'pass'),(216,'18309378','COS226',61,'pass'),(217,'18309378','COS284',87,'pass'),(218,'18309378','WTW285',66,'pass'),(219,'18309378','STK210',86,'pass'),(220,'18309378','STK220',56,'pass'),(221,'18309378','WST212',74,'pass'),(222,'18976142','COS210',73,'pass'),(223,'18976142','COS212',74,'pass'),(224,'18976142','COS214',60,'pass'),(225,'18976142','COS216',69,'pass'),(226,'18976142','COS221',76,'pass'),(227,'18976142','COS226',56,'pass'),(228,'18976142','COS284',87,'pass'),(229,'18976142','COS284',60,'pass'),(230,'18976142','STK210',90,'pass'),(231,'18976142','STK220',65,'pass'),(232,'18976142','WST212',78,'pass'),(233,'19222056','COS210',70,'pass'),(234,'19222056','COS212',79,'pass'),(235,'19222056','COS214',66,'pass'),(236,'19222056','COS216',80,'pass'),(237,'19222056','COS221',75,'pass'),(238,'19222056','COS226',90,'pass'),(239,'19222056','COS284',90,'pass'),(240,'19222056','WTW285',69,'pass'),(241,'19222056','STK210',60,'pass'),(242,'19222056','STK220',45,'fail'),(243,'19222056','WST212',78,'pass'),(244,'19222108','COS210',79,'pass'),(245,'19222108','COS212',56,'pass'),(246,'19222108','COS214',42,'fail'),(247,'19222108','COS216',79,'pass'),(248,'19222108','COS221',48,'fail'),(249,'19222108','COS226',73,'pass'),(250,'19222108','COS284',67,'pass'),(251,'19222108','WTW285',54,'pass'),(252,'19222108','STK210',66,'pass'),(253,'19222108','STK220',47,'fail'),(254,'19222108','WST212',79,'pass'),(255,'19304308','COS210',79,'pass'),(256,'19304308','COS212',65,'pass'),(257,'19304308','COS214',78,'pass'),(258,'19304308','COS216',79,'pass'),(259,'19304308','COS221',77,'pass'),(260,'19304308','COS226',73,'pass'),(261,'19304308','COS284',75,'pass'),(262,'19304308','WTW285',74,'pass'),(263,'19304308','STK210',77,'pass'),(264,'19304308','STK220',77,'pass'),(265,'19304308','WST212',79,'pass'),(266,'19423167','COS210',66,'pass'),(267,'19423167','COS212',62,'pass'),(268,'19423167','COS214',55,'pass'),(269,'19423167','COS216',55,'pass'),(270,'19423167','COS221',90,'pass'),(271,'19423167','COS226',73,'pass'),(272,'19423167','COS284',70,'pass'),(273,'19423167','WTW285',72,'pass'),(274,'19423167','STK210',74,'pass'),(275,'19423167','STK220',72,'pass'),(276,'19423167','WST212',70,'pass'),(277,'19449892','COS210',62,'pass'),(278,'19449892','COS212',60,'pass'),(279,'19449892','COS214',59,'pass'),(280,'19449892','COS221',80,'pass'),(281,'19449892','COS226',63,'pass'),(282,'19449892','COS284',77,'pass'),(283,'19449892','WTW285',62,'pass'),(284,'19449892','STK210',12,'fail'),(285,'19449892','STK220',72,'pass'),(286,'19449892','WST212',52,'pass'),(287,'19455341','COS210',100,'pass'),(288,'19455341','COS212',64,'pass'),(289,'19455341','COS214',99,'pass'),(290,'19455341','COS216',75,'pass'),(291,'19455341','COS221',88,'pass'),(292,'19455341','COS226',83,'pass'),(293,'19455341','COS284',87,'pass'),(294,'19455341','WTW285',82,'pass'),(295,'19455341','STK210',82,'pass'),(296,'19455341','STK220',92,'pass'),(297,'19455341','WST212',82,'pass'),(298,'19678423','COS210',80,'pass'),(299,'19678423','COS212',72,'pass'),(300,'19678423','COS214',73,'pass'),(301,'19678423','COS216',73,'pass'),(302,'19678423','COS221',81,'pass'),(303,'19678423','COS226',53,'pass'),(304,'19678423','COS284',97,'pass'),(305,'19678423','WTW285',52,'pass'),(306,'19678423','STK210',82,'pass'),(307,'19678423','STK220',52,'pass'),(308,'19678423','WST212',62,'pass'),(309,'19894586','COS210',81,'pass'),(310,'19894586','COS212',67,'pass'),(311,'19894586','COS214',77,'pass'),(312,'19894586','COS216',56,'pass'),(313,'19894586','COS221',76,'pass'),(314,'19894586','COS226',52,'pass'),(315,'19894586','COS284',67,'pass'),(316,'19894586','WTW285',54,'pass'),(317,'19894586','STK210',62,'pass'),(318,'19894586','STK220',59,'pass'),(319,'19894586','WST212',60,'pass'),(320,'18304110','COS301',65,'pass'),(321,'18304110','COS330',70,'pass'),(322,'18304110','COS332',71,'pass'),(323,'18304110','COS333',68,'pass'),(324,'18304110','IMY310',67,'pass'),(325,'18304110','COS314',84,'pass'),(326,'18304110','COS326',76,'pass'),(327,'18304110','STK353',65,'pass'),(328,'18304308','COS301',70,'pass'),(329,'18304308','COS330',78,'pass'),(330,'18304308','COS332',76,'pass'),(331,'18304308','COS333',75,'pass'),(332,'18304308','IMY310',79,'pass'),(333,'18304308','COS314',84,'pass'),(334,'18304308','GTS354',52,'pass'),(335,'18304308','GTS367',77,'pass'),(336,'18384599','COS301',68,'pass'),(337,'18384599','COS330',72,'pass'),(338,'18384599','COS332',69,'pass'),(339,'18384599','COS333',88,'pass'),(340,'18384599','IMY310',56,'pass'),(341,'18384599','COS314',77,'pass'),(342,'18384599','COS326',76,'pass'),(343,'18384599','STK353',65,'pass'),(344,'18526710','COS301',65,'pass'),(345,'18526710','COS330',79,'pass'),(346,'18526710','COS332',61,'pass'),(347,'18526710','COS333',80,'pass'),(348,'18526710','IMY310',59,'pass'),(349,'18526710','INF354',67,'pass'),(350,'18526710','COS326',71,'pass'),(351,'18779754','COS301',62,'pass'),(352,'18779754','COS330',60,'pass'),(353,'18779754','COS332',67,'pass'),(354,'18779754','COS333',82,'pass'),(355,'18779754','IMY310',58,'pass'),(356,'18779754','INF354',78,'pass'),(357,'18779754','COS326',75,'pass'),(358,'18309378','UPO112',60,'pass'),(359,'18309378','ALL121',60,'pass'),(360,'18309378','AIM101',70,'pass'),(361,'18309378','COS132',90,'pass'),(362,'18309378','COS151',76,'pass'),(363,'18309378','COS110',77,'pass'),(364,'18309378','COS122',67,'pass'),(365,'18309378','WTW115',99,'pass'),(366,'18309378','WTW134',72,'pass'),(367,'18309378','WTW146',87,'pass'),(368,'18309378','WTW148',88,'pass'),(369,'18309378','WTW152',77,'pass'),(370,'18309378','STK110',55,'pass'),(371,'18309378','STC122',56,'pass'),(372,'18976142','UPO112',69,'pass'),(373,'18976142','ALL121',62,'pass'),(374,'18976142','AIM101',74,'pass'),(375,'18976142','COS132',90,'pass'),(376,'18976142','COS151',72,'pass'),(377,'18976142','COS110',77,'pass'),(378,'18976142','COS122',61,'pass'),(379,'18976142','WTW115',86,'pass'),(380,'18976142','WTW134',72,'pass'),(381,'18976142','WTW146',87,'pass'),(382,'18976142','WTW148',80,'pass'),(383,'18976142','WTW152',72,'pass'),(384,'18976142','STK110',52,'pass'),(385,'18976142','STC122',59,'pass'),(386,'19222056','UPO112',80,'pass'),(387,'19222056','ALL121',67,'pass'),(388,'19222056','AIM101',74,'pass'),(389,'19222056','COS132',80,'pass'),(390,'19222056','COS151',73,'pass'),(391,'19222056','COS110',74,'pass'),(392,'19222056','COS122',67,'pass'),(393,'19222056','WTW115',88,'pass'),(394,'19222056','WTW134',76,'pass'),(395,'19222056','WTW146',97,'pass'),(396,'19222056','WTW148',68,'pass'),(397,'19222056','WTW152',87,'pass'),(398,'19222056','STK110',65,'pass'),(399,'19222056','STC122',59,'pass'),(400,'19222108','UPO112',66,'pass'),(401,'19222108','ALL121',76,'pass'),(402,'19222108','AIM101',79,'pass'),(403,'19222108','COS132',70,'pass'),(404,'19222108','COS151',71,'pass'),(405,'19222108','COS110',79,'pass'),(406,'19222108','COS122',62,'pass'),(407,'19222108','WTW115',80,'pass'),(408,'19222108','WTW134',77,'pass'),(409,'19222108','WTW146',77,'pass'),(410,'19222108','WTW148',82,'pass'),(411,'19222108','WTW152',82,'pass'),(412,'19222108','STK110',92,'pass'),(413,'19222108','STC122',50,'pass'),(414,'19304308','UPO112',80,'pass'),(415,'19304308','ALL121',67,'pass'),(416,'19304308','AIM101',75,'pass'),(417,'19304308','COS132',53,'pass'),(418,'19304308','COS151',75,'pass'),(419,'19304308','COS110',51,'pass'),(420,'19304308','COS122',65,'pass'),(421,'19304308','WTW115',56,'pass'),(422,'19304308','WTW134',72,'pass'),(423,'19304308','WTW146',87,'pass'),(424,'19304308','WTW148',88,'pass'),(425,'19304308','WTW152',77,'pass'),(426,'19304308','STK110',86,'pass'),(427,'19304308','STC122',65,'pass'),(428,'19423167','UPO112',68,'pass'),(429,'19423167','ALL121',61,'pass'),(430,'19423167','AIM101',74,'pass'),(431,'19423167','COS132',90,'pass'),(432,'19423167','COS151',79,'pass'),(433,'19423167','COS110',77,'pass'),(434,'19423167','COS122',62,'pass'),(435,'19423167','WTW115',82,'pass'),(436,'19423167','WTW134',72,'pass'),(437,'19423167','WTW146',80,'pass'),(438,'19423167','WTW148',80,'pass'),(439,'19423167','WTW152',70,'pass'),(440,'19423167','STK110',92,'pass'),(441,'19423167','STC122',69,'pass'),(442,'19449892','UPO112',81,'pass'),(443,'19449892','ALL121',62,'pass'),(444,'19449892','AIM101',72,'pass'),(445,'19449892','COS132',87,'pass'),(446,'19449892','COS151',72,'pass'),(447,'19449892','COS110',71,'pass'),(448,'19449892','COS122',60,'pass'),(449,'19449892','WTW115',81,'pass'),(450,'19449892','WTW134',72,'pass'),(451,'19449892','WTW146',67,'pass'),(452,'19449892','WTW148',63,'pass'),(453,'19449892','WTW152',89,'pass'),(454,'19449892','STK110',62,'pass'),(455,'19449892','STC122',79,'pass'),(456,'19455341','UPO112',61,'pass'),(457,'19455341','ALL121',76,'pass'),(458,'19455341','AIM101',79,'pass'),(459,'19455341','COS132',90,'pass'),(460,'19455341','COS151',72,'pass'),(461,'19455341','COS110',79,'pass'),(462,'19455341','COS122',65,'pass'),(463,'19455341','WTW115',81,'pass'),(464,'19455341','WTW134',74,'pass'),(465,'19455341','WTW146',70,'pass'),(466,'19455341','WTW148',52,'pass'),(467,'19455341','WTW152',72,'pass'),(468,'19455341','STK110',82,'pass'),(469,'19455341','STC122',52,'pass'),(470,'19678423','UPO112',80,'pass'),(471,'19678423','ALL121',62,'pass'),(472,'19678423','AIM101',72,'pass'),(473,'19678423','COS132',67,'pass'),(474,'19678423','COS151',78,'pass'),(475,'19678423','COS110',71,'pass'),(476,'19678423','COS122',62,'pass'),(477,'19678423','WTW115',89,'pass'),(478,'19678423','WTW134',70,'pass'),(479,'19678423','WTW146',62,'pass'),(480,'19678423','WTW148',53,'pass'),(481,'19678423','WTW152',87,'pass'),(482,'19678423','STK110',63,'pass'),(483,'19678423','STC122',70,'pass'),(484,'19894586','UPO112',65,'pass'),(485,'19894586','ALL121',76,'pass'),(486,'19894586','AIM101',91,'pass'),(487,'19894586','COS132',90,'pass'),(488,'19894586','COS151',72,'pass'),(489,'19894586','COS110',74,'pass'),(490,'19894586','COS122',65,'pass'),(491,'19894586','WTW115',91,'pass'),(492,'19894586','WTW134',74,'pass'),(493,'19894586','WTW146',70,'pass'),(494,'19894586','WTW148',62,'pass'),(495,'19894586','WTW152',62,'pass'),(496,'19894586','STK110',81,'pass'),(497,'19894586','STC122',92,'pass'),(498,'18304110','UPO112',60,'pass'),(499,'18304110','ALL121',63,'pass'),(500,'18304110','AIM101',94,'pass'),(501,'18304110','COS132',90,'pass'),(502,'18304110','COS151',79,'pass'),(503,'18304110','COS110',72,'pass'),(504,'18304110','COS122',82,'pass'),(505,'18304110','WTW115',82,'pass'),(506,'18304110','WTW134',72,'pass'),(507,'18304110','WTW146',89,'pass'),(508,'18304110','WTW148',80,'pass'),(509,'18304110','WTW152',71,'pass'),(510,'18304110','STK110',97,'pass'),(511,'18304110','STC122',69,'pass'),(512,'18304308','UPO112',81,'pass'),(513,'18304308','ALL121',69,'pass'),(514,'18304308','AIM101',72,'pass'),(515,'18304308','COS132',84,'pass'),(516,'18304308','COS151',73,'pass'),(517,'18304308','COS110',71,'pass'),(518,'18304308','COS122',62,'pass'),(519,'18304308','WTW115',82,'pass'),(520,'18304308','WTW134',71,'pass'),(521,'18304308','WTW146',67,'pass'),(522,'18304308','WTW148',69,'pass'),(523,'18304308','WTW152',89,'pass'),(524,'18304308','STK110',61,'pass'),(525,'18304308','STC122',71,'pass'),(526,'18384599','UPO112',61,'pass'),(527,'18384599','ALL121',76,'pass'),(528,'18384599','AIM101',79,'pass'),(529,'18384599','COS132',60,'pass'),(530,'18384599','COS151',92,'pass'),(531,'18384599','COS110',69,'pass'),(532,'18384599','COS122',62,'pass'),(533,'18384599','WTW115',89,'pass'),(534,'18384599','WTW134',78,'pass'),(535,'18384599','WTW146',72,'pass'),(536,'18384599','WTW148',82,'pass'),(537,'18384599','WTW152',75,'pass'),(538,'18384599','STK110',88,'pass'),(539,'18384599','STC122',67,'pass'),(540,'18526710','UPO112',81,'pass'),(541,'18526710','ALL121',62,'pass'),(542,'18526710','AIM101',75,'pass'),(543,'18526710','COS132',67,'pass'),(544,'18526710','COS151',73,'pass'),(545,'18526710','COS110',71,'pass'),(546,'18526710','COS122',62,'pass'),(547,'18526710','WTW115',80,'pass'),(548,'18526710','WTW134',74,'pass'),(549,'18526710','WTW146',65,'pass'),(550,'18526710','WTW148',73,'pass'),(551,'18526710','WTW152',81,'pass'),(552,'18526710','STK110',73,'pass'),(553,'18526710','STC122',72,'pass'),(554,'18779754','UPO112',55,'pass'),(555,'18779754','ALL121',76,'pass'),(556,'18779754','AIM101',90,'pass'),(557,'18779754','COS132',88,'pass'),(558,'18779754','COS151',76,'pass'),(559,'18779754','COS110',74,'pass'),(560,'18779754','COS122',65,'pass'),(561,'18779754','WTW115',87,'pass'),(562,'18779754','WTW134',72,'pass'),(563,'18779754','WTW146',70,'pass'),(564,'18779754','WTW148',64,'pass'),(565,'18779754','WTW152',69,'pass'),(566,'18779754','STK110',71,'pass'),(567,'18779754','STC122',72,'pass'),(568,'18304110','COS210',78,'pass'),(569,'18304110','COS212',54,'pass'),(570,'18304110','COS214',52,'pass'),(571,'18304110','COS216',87,'pass'),(572,'18304110','COS221',78,'pass'),(573,'18304110','COS226',68,'pass'),(574,'18304110','COS284',90,'pass'),(575,'18304110','WTW285',87,'pass'),(576,'18304110','STK210',56,'pass'),(577,'18304110','STK220',67,'pass'),(578,'18304110','WST212',69,'pass'),(579,'18304308','COS210',65,'pass'),(580,'18304308','COS212',54,'pass'),(581,'18304308','COS214',56,'pass'),(582,'18304308','COS216',87,'pass'),(583,'18304308','COS221',78,'pass'),(584,'18304308','COS226',68,'pass'),(585,'18304308','COS284',90,'pass'),(586,'18304308','WTW285',88,'pass'),(587,'18304308','STK210',78,'pass'),(588,'18304308','STK220',98,'pass'),(589,'18304308','WST212',88,'pass'),(590,'18384599','COS210',88,'pass'),(591,'18384599','COS212',67,'pass'),(592,'18384599','COS214',56,'pass'),(593,'18384599','COS216',89,'pass'),(594,'18384599','COS221',78,'pass'),(595,'18384599','COS226',68,'pass'),(596,'18384599','COS284',90,'pass'),(597,'18384599','WTW285',88,'pass'),(598,'18384599','STK210',72,'pass'),(599,'18384599','STK220',94,'pass'),(600,'18384599','WST212',82,'pass'),(601,'18526710','COS210',73,'pass'),(602,'18526710','COS212',67,'pass'),(603,'18526710','COS214',56,'pass'),(604,'18526710','COS216',65,'pass'),(605,'18526710','COS221',56,'pass'),(606,'18526710','COS226',68,'pass'),(607,'18526710','COS284',50,'pass'),(608,'18526710','WTW285',78,'pass'),(609,'18526710','STK210',72,'pass'),(610,'18526710','STK220',74,'pass'),(611,'18526710','WST212',62,'pass'),(612,'18779754','COS210',70,'pass'),(613,'18779754','COS212',63,'pass'),(614,'18779754','COS214',57,'pass'),(615,'18779754','COS216',65,'pass'),(616,'18779754','COS221',57,'pass'),(617,'18779754','COS226',60,'pass'),(618,'18779754','COS284',53,'pass'),(619,'18779754','WTW285',68,'pass'),(620,'18779754','STK210',79,'pass'),(621,'18779754','STK220',73,'pass'),(622,'18779754','WST212',64,'pass'),(624,'87654321','LOJ789',22,'fail'),(625,'87654321','LOJ789',22,'fail');
/*!40000 ALTER TABLE `student_Module_Current_And_Previous_Year` ENABLE KEYS */;
UNLOCK TABLES;

--
-- Table structure for table `student_Module_Current_Year`
--

DROP TABLE IF EXISTS `student_Module_Current_Year`;
/*!40101 SET @saved_cs_client     = @@character_set_client */;
/*!50503 SET character_set_client = utf8mb4 */;
CREATE TABLE `student_Module_Current_Year` (
  `SID` int(11) NOT NULL AUTO_INCREMENT,
  `student_Number` varchar(8) NOT NULL,
  `module_Code` varchar(7) NOT NULL,
  `mark` int(3) NOT NULL DEFAULT '0',
  `stat` varchar(12) NOT NULL DEFAULT 'Registered',
  PRIMARY KEY (`SID`),
  KEY `student_Number` (`student_Number`),
  KEY `module_Code` (`module_Code`),
  CONSTRAINT `student_Module_Current_Year_ibfk_1` FOREIGN KEY (`student_Number`) REFERENCES `student` (`Student_Number`),
  CONSTRAINT `student_Module_Current_Year_ibfk_2` FOREIGN KEY (`module_Code`) REFERENCES `module` (`module_Code`)
) ENGINE=InnoDB AUTO_INCREMENT=373 DEFAULT CHARSET=utf8;
/*!40101 SET character_set_client = @saved_cs_client */;

--
-- Dumping data for table `student_Module_Current_Year`
--

LOCK TABLES `student_Module_Current_Year` WRITE;
/*!40000 ALTER TABLE `student_Module_Current_Year` DISABLE KEYS */;
INSERT INTO `student_Module_Current_Year` VALUES (1,'19003402','UPO112',70,'pass'),(2,'19003402','ALL121',79,'pass'),(3,'19003402','AIM101',66,'pass'),(4,'19003402','COS132',80,'pass'),(5,'19003402','COS151',75,'pass'),(6,'19003402','COS110',90,'pass'),(7,'19003402','COS122',90,'pass'),(8,'19003402','WTW115',69,'pass'),(9,'19003402','WTW134',70,'pass'),(10,'19003402','WTW146',45,'fail'),(11,'19003402','WTW148',45,'fail'),(12,'19003402','WTW152',70,'pass'),(13,'19003402','STK110',80,'pass'),(14,'19003402','STC122',78,'pass'),(15,'19314512','UPO112',78,'pass'),(16,'19314512','ALL121',33,'fail'),(17,'19314512','AIM101',70,'pass'),(18,'19314512','COS132',80,'pass'),(19,'19314512','COS151',60,'pass'),(20,'19314512','COS110',49,'fail'),(21,'19314512','COS122',90,'pass'),(22,'19314512','WTW115',69,'pass'),(23,'19314512','WTW134',70,'pass'),(24,'19314512','WTW146',45,'fail'),(25,'19314512','WTW148',45,'fail'),(26,'19314512','WTW152',70,'pass'),(27,'19314512','STK110',80,'pass'),(28,'19314512','STC122',78,'pass'),(29,'19345678','UPO112',60,'pass'),(30,'19345678','ALL121',60,'pass'),(31,'19345678','AIM101',99,'pass'),(32,'19345678','COS132',87,'pass'),(33,'19345678','COS151',69,'pass'),(34,'19345678','COS110',50,'pass'),(35,'19345678','COS122',87,'pass'),(36,'19345678','WTW115',80,'pass'),(37,'19345678','WTW134',72,'pass'),(38,'19345678','WTW146',78,'pass'),(39,'19345678','WTW148',90,'pass'),(40,'19345678','WTW152',77,'pass'),(41,'19345678','STK110',88,'pass'),(42,'19345678','STC122',72,'pass'),(43,'20110921','UPO112',67,'pass'),(44,'20110921','ALL121',67,'pass'),(45,'20110921','AIM101',99,'pass'),(46,'20110921','COS132',87,'pass'),(47,'20110921','COS151',69,'pass'),(48,'20110921','COS110',48,'fail'),(49,'20110921','COS122',82,'pass'),(50,'20110921','WTW115',78,'pass'),(51,'20110921','WTW134',65,'pass'),(52,'20110921','WTW146',36,'fail'),(53,'20110921','WTW148',90,'pass'),(54,'20110921','WTW152',72,'pass'),(55,'20110921','STK110',81,'pass'),(56,'20110921','STC122',71,'pass'),(57,'20121365','UPO112',60,'pass'),(58,'20121365','ALL121',89,'pass'),(59,'20121365','AIM101',66,'pass'),(60,'20121365','COS132',56,'pass'),(61,'20121365','COS151',69,'pass'),(62,'20121365','COS110',50,'pass'),(63,'20121365','COS122',76,'pass'),(64,'20121365','WTW115',70,'pass'),(65,'20121365','WTW134',62,'pass'),(66,'20121365','WTW146',51,'pass'),(67,'20121365','WTW148',78,'pass'),(68,'20121365','WTW152',60,'pass'),(69,'20121365','STK110',54,'pass'),(70,'20121365','STC122',54,'pass'),(71,'20330984','UPO112',60,'pass'),(72,'20330984','ALL121',30,'fail'),(73,'20330984','AIM101',68,'pass'),(74,'20330984','COS132',54,'pass'),(75,'20330984','COS151',64,'pass'),(76,'20330984','COS110',54,'pass'),(77,'20330984','COS122',74,'pass'),(78,'20330984','WTW115',74,'pass'),(79,'20330984','WTW134',69,'pass'),(80,'20330984','WTW146',53,'pass'),(81,'20330984','WTW148',73,'pass'),(82,'20330984','WTW152',63,'pass'),(83,'20330984','STK110',53,'pass'),(84,'20330984','STC122',53,'pass'),(85,'20334312','UPO112',70,'pass'),(86,'20334312','ALL121',70,'pass'),(87,'20334312','AIM101',68,'pass'),(88,'20334312','COS132',54,'pass'),(89,'20334312','COS151',63,'pass'),(90,'20334312','COS110',53,'pass'),(91,'20334312','COS122',64,'pass'),(92,'20334312','WTW115',54,'pass'),(93,'20334312','WTW134',59,'pass'),(94,'20334312','WTW146',59,'pass'),(95,'20334312','WTW148',73,'pass'),(96,'20334312','WTW152',73,'pass'),(97,'20334312','STK110',93,'pass'),(98,'20334312','STC122',53,'pass'),(99,'20444321','UPO112',76,'pass'),(100,'20444321','ALL121',89,'pass'),(101,'20444321','AIM101',55,'pass'),(102,'20444321','COS132',53,'pass'),(103,'20444321','COS151',53,'pass'),(104,'20444321','COS110',52,'pass'),(105,'20444321','COS122',54,'pass'),(106,'20444321','WTW115',52,'pass'),(107,'20444321','WTW134',52,'pass'),(108,'20444321','WTW146',69,'pass'),(109,'20444321','WTW148',72,'pass'),(110,'20444321','WTW152',73,'pass'),(111,'20444321','STK110',63,'pass'),(112,'20444321','STC122',93,'pass'),(113,'20458957','UPO112',56,'pass'),(114,'20458957','ALL121',59,'pass'),(115,'20458957','AIM101',55,'pass'),(116,'20458957','COS132',53,'pass'),(117,'20458957','COS151',53,'pass'),(118,'20458957','COS110',52,'pass'),(119,'20458957','COS122',54,'pass'),(120,'20458957','WTW115',52,'pass'),(121,'20458957','WTW134',58,'pass'),(122,'20458957','WTW146',59,'pass'),(123,'20458957','WTW148',52,'pass'),(124,'20458957','STK110',53,'pass'),(125,'20458957','STC122',53,'pass'),(126,'20556908','UPO112',87,'pass'),(127,'20556908','ALL121',69,'pass'),(128,'20556908','AIM101',58,'pass'),(129,'20556908','COS132',54,'pass'),(130,'20556908','COS151',63,'pass'),(131,'20556908','COS110',45,'fail'),(132,'20556908','COS122',64,'pass'),(133,'20556908','WTW115',56,'pass'),(134,'20556908','WTW134',62,'pass'),(135,'20556908','WTW146',79,'pass'),(136,'20556908','WTW148',72,'pass'),(137,'20556908','WTW152',73,'pass'),(138,'20556908','STK110',56,'pass'),(139,'20556908','STC122',57,'pass'),(140,'20787621','UPO112',86,'pass'),(141,'20787621','ALL121',59,'pass'),(142,'20787621','AIM101',75,'pass'),(143,'20787621','COS132',90,'pass'),(144,'20787621','COS151',53,'pass'),(145,'20787621','COS110',62,'pass'),(146,'20787621','COS122',54,'pass'),(147,'20787621','WTW115',52,'pass'),(148,'20787621','WTW134',62,'pass'),(149,'20787621','WTW146',99,'pass'),(150,'20787621','WTW148',52,'pass'),(151,'20787621','WTW152',53,'pass'),(152,'20787621','STK110',76,'pass'),(153,'20787621','STC122',63,'pass'),(154,'20878909','UPO112',81,'pass'),(155,'20878909','ALL121',99,'pass'),(156,'20878909','AIM101',75,'pass'),(157,'20878909','COS132',90,'pass'),(158,'20878909','COS151',53,'pass'),(159,'20878909','COS110',82,'pass'),(160,'20878909','COS122',88,'pass'),(161,'20878909','WTW115',62,'pass'),(162,'20878909','WTW134',62,'pass'),(163,'20878909','WTW146',65,'pass'),(164,'20878909','WTW148',62,'pass'),(165,'20878909','WTW152',53,'pass'),(166,'20878909','STK110',76,'pass'),(167,'20878909','STC122',69,'pass'),(168,'20881212','UPO112',84,'pass'),(169,'20881212','ALL121',89,'pass'),(170,'20881212','AIM101',75,'pass'),(171,'20881212','COS132',90,'pass'),(172,'20881212','COS151',53,'pass'),(173,'20881212','COS110',82,'pass'),(174,'20881212','COS122',67,'pass'),(175,'20881212','WTW115',62,'pass'),(176,'20881212','WTW134',92,'pass'),(177,'20881212','WTW146',65,'pass'),(178,'20881212','WTW148',62,'pass'),(179,'20881212','WTW152',74,'pass'),(180,'20881212','STK110',76,'pass'),(181,'20881212','STC122',73,'pass'),(182,'20906752','UPO112',54,'pass'),(183,'20906752','ALL121',59,'pass'),(184,'20906752','AIM101',55,'pass'),(185,'20906752','COS132',50,'pass'),(186,'20906752','COS151',53,'pass'),(187,'20906752','COS110',52,'pass'),(188,'20906752','COS122',56,'pass'),(189,'20906752','WTW115',52,'pass'),(190,'20906752','WTW134',87,'pass'),(191,'20906752','WTW146',29,'fail'),(192,'20906752','WTW148',43,'fail'),(193,'20906752','WTW152',71,'pass'),(194,'20906752','STK110',76,'pass'),(195,'20906752','STC122',43,'fail'),(196,'20998121','UPO112',84,'pass'),(197,'20998121','ALL121',59,'pass'),(198,'20998121','UPO112',84,'pass'),(199,'20998121','AIM101',55,'pass'),(200,'20998121','COS132',90,'pass'),(201,'20998121','COS151',53,'pass'),(202,'20998121','COS110',78,'pass'),(203,'20998121','COS122',87,'pass'),(204,'20998121','WTW115',52,'pass'),(205,'20998121','WTW134',87,'pass'),(206,'20998121','WTW146',76,'pass'),(207,'20998121','WTW148',43,'fail'),(208,'20998121','WTW152',70,'pass'),(209,'20998121','STK110',76,'pass'),(210,'20998121','STC122',78,'pass'),(211,'18309378','COS210',73,'pass'),(212,'18309378','COS212',80,'pass'),(213,'18309378','COS214',63,'pass'),(214,'18309378','COS216',68,'pass'),(215,'18309378','COS221',98,'pass'),(216,'18309378','COS226',61,'pass'),(217,'18309378','COS284',87,'pass'),(218,'18309378','WTW285',66,'pass'),(219,'18309378','STK210',86,'pass'),(220,'18309378','STK220',56,'pass'),(221,'18309378','WST212',74,'pass'),(222,'18976142','COS210',73,'pass'),(223,'18976142','COS212',74,'pass'),(224,'18976142','COS214',60,'pass'),(225,'18976142','COS216',69,'pass'),(226,'18976142','COS221',76,'pass'),(227,'18976142','COS226',56,'pass'),(228,'18976142','COS284',87,'pass'),(229,'18976142','COS284',60,'pass'),(230,'18976142','STK210',90,'pass'),(231,'18976142','STK220',65,'pass'),(232,'18976142','WST212',78,'pass'),(233,'19222056','COS210',70,'pass'),(234,'19222056','COS212',79,'pass'),(235,'19222056','COS214',66,'pass'),(236,'19222056','COS216',80,'pass'),(237,'19222056','COS221',75,'pass'),(238,'19222056','COS226',90,'pass'),(239,'19222056','COS284',90,'pass'),(240,'19222056','WTW285',69,'pass'),(241,'19222056','STK210',60,'pass'),(242,'19222056','STK220',45,'fail'),(243,'19222056','WST212',78,'pass'),(244,'19222108','COS210',79,'pass'),(245,'19222108','COS212',56,'pass'),(246,'19222108','COS214',42,'fail'),(247,'19222108','COS216',79,'pass'),(248,'19222108','COS221',48,'fail'),(249,'19222108','COS226',73,'pass'),(250,'19222108','COS284',67,'pass'),(251,'19222108','WTW285',54,'pass'),(252,'19222108','STK210',66,'pass'),(253,'19222108','STK220',47,'fail'),(254,'19222108','WST212',79,'pass'),(255,'19304308','COS210',79,'pass'),(256,'19304308','COS212',65,'pass'),(257,'19304308','COS214',78,'pass'),(258,'19304308','COS216',79,'pass'),(259,'19304308','COS221',77,'pass'),(260,'19304308','COS226',73,'pass'),(261,'19304308','COS284',75,'pass'),(262,'19304308','WTW285',74,'pass'),(263,'19304308','STK210',77,'pass'),(264,'19304308','STK220',77,'pass'),(265,'19304308','WST212',79,'pass'),(266,'19423167','COS210',66,'pass'),(267,'19423167','COS212',62,'pass'),(268,'19423167','COS214',55,'pass'),(269,'19423167','COS216',55,'pass'),(270,'19423167','COS221',90,'pass'),(271,'19423167','COS226',73,'pass'),(272,'19423167','COS284',70,'pass'),(273,'19423167','WTW285',72,'pass'),(274,'19423167','STK210',74,'pass'),(275,'19423167','STK220',72,'pass'),(276,'19423167','WST212',70,'pass'),(277,'19449892','COS210',62,'pass'),(278,'19449892','COS212',60,'pass'),(279,'19449892','COS214',59,'pass'),(280,'19449892','COS221',80,'pass'),(281,'19449892','COS226',63,'pass'),(282,'19449892','COS284',77,'pass'),(283,'19449892','WTW285',62,'pass'),(284,'19449892','STK210',12,'fail'),(285,'19449892','STK220',72,'pass'),(286,'19449892','WST212',52,'pass'),(287,'19455341','COS210',100,'pass'),(288,'19455341','COS212',64,'pass'),(289,'19455341','COS214',99,'pass'),(290,'19455341','COS216',75,'pass'),(291,'19455341','COS221',88,'pass'),(292,'19455341','COS226',83,'pass'),(293,'19455341','COS284',87,'pass'),(294,'19455341','WTW285',82,'pass'),(295,'19455341','STK210',82,'pass'),(296,'19455341','STK220',92,'pass'),(297,'19455341','WST212',82,'pass'),(298,'19678423','COS210',80,'pass'),(299,'19678423','COS212',72,'pass'),(300,'19678423','COS214',73,'pass'),(301,'19678423','COS216',73,'pass'),(302,'19678423','COS221',81,'pass'),(303,'19678423','COS226',53,'pass'),(304,'19678423','COS284',97,'pass'),(305,'19678423','WTW285',52,'pass'),(306,'19678423','STK210',82,'pass'),(307,'19678423','STK220',52,'pass'),(308,'19678423','WST212',62,'pass'),(309,'19894586','COS210',81,'pass'),(310,'19894586','COS212',67,'pass'),(311,'19894586','COS214',77,'pass'),(312,'19894586','COS216',56,'pass'),(313,'19894586','COS221',76,'pass'),(314,'19894586','COS226',52,'pass'),(315,'19894586','COS284',67,'pass'),(316,'19894586','WTW285',54,'pass'),(317,'19894586','STK210',62,'pass'),(318,'19894586','STK220',59,'pass'),(319,'19894586','WST212',60,'pass'),(320,'18304110','COS301',65,'pass'),(321,'18304110','COS330',70,'pass'),(322,'18304110','COS332',71,'pass'),(323,'18304110','COS333',68,'pass'),(324,'18304110','IMY310',67,'pass'),(325,'18304110','COS314',84,'pass'),(326,'18304110','COS326',76,'pass'),(327,'18304110','STK353',65,'pass'),(328,'18304308','COS301',70,'pass'),(329,'18304308','COS330',78,'pass'),(330,'18304308','COS332',76,'pass'),(331,'18304308','COS333',75,'pass'),(332,'18304308','IMY310',79,'pass'),(333,'18304308','COS314',84,'pass'),(334,'18304308','GTS354',52,'pass'),(335,'18304308','GTS367',77,'pass'),(336,'18384599','COS301',68,'pass'),(337,'18384599','COS330',72,'pass'),(338,'18384599','COS332',69,'pass'),(339,'18384599','COS333',88,'pass'),(340,'18384599','IMY310',56,'pass'),(341,'18384599','COS314',77,'pass'),(342,'18384599','COS326',76,'pass'),(343,'18384599','STK353',65,'pass'),(344,'18526710','COS301',65,'pass'),(345,'18526710','COS330',79,'pass'),(346,'18526710','COS332',61,'pass'),(347,'18526710','COS333',80,'pass'),(348,'18526710','IMY310',59,'pass'),(349,'18526710','INF354',67,'pass'),(350,'18526710','COS326',71,'pass'),(351,'18779754','COS301',62,'pass'),(352,'18779754','COS330',60,'pass'),(353,'18779754','COS332',67,'pass'),(354,'18779754','COS333',82,'pass'),(355,'18779754','IMY310',58,'pass'),(356,'18779754','INF354',78,'pass'),(357,'18779754','COS326',75,'pass'),(358,'12345678','UPO112',32,'fail'),(359,'12345678','ALL121',44,'fail'),(360,'12345678','AIM101',10,'fail'),(361,'12345678','COS132',84,'pass'),(362,'12345678','COS151',73,'pass'),(363,'12345678','COS110',18,'fail'),(364,'12345678','COS122',22,'fail'),(365,'12345678','WTW115',41,'fail'),(366,'12345678','WTW134',0,'fail'),(367,'12345678','WTW146',14,'fail'),(368,'12345678','WTW148',15,'fail'),(369,'12345678','WTW152',35,'fail'),(370,'12345678','STK110',61,'pass'),(371,'12345678','STC122',20,'fail'),(372,'87654321','LOJ789',22,'fail');
/*!40000 ALTER TABLE `student_Module_Current_Year` ENABLE KEYS */;
UNLOCK TABLES;

--
-- Table structure for table `student_Module_Future_Year`
--

DROP TABLE IF EXISTS `student_Module_Future_Year`;
/*!40101 SET @saved_cs_client     = @@character_set_client */;
/*!50503 SET character_set_client = utf8mb4 */;
CREATE TABLE `student_Module_Future_Year` (
  `SID` int(11) NOT NULL AUTO_INCREMENT,
  `student_Number` varchar(8) NOT NULL,
  `module_Code` varchar(7) NOT NULL,
  `mark` int(3) NOT NULL,
  `stat` varchar(12) NOT NULL,
  PRIMARY KEY (`SID`),
  KEY `student_Number` (`student_Number`),
  KEY `module_Code` (`module_Code`),
  CONSTRAINT `student_Module_Future_Year_ibfk_1` FOREIGN KEY (`student_Number`) REFERENCES `student` (`Student_Number`),
  CONSTRAINT `student_Module_Future_Year_ibfk_2` FOREIGN KEY (`module_Code`) REFERENCES `module` (`module_Code`)
) ENGINE=InnoDB AUTO_INCREMENT=324 DEFAULT CHARSET=utf8;
/*!40101 SET character_set_client = @saved_cs_client */;

--
-- Dumping data for table `student_Module_Future_Year`
--

LOCK TABLES `student_Module_Future_Year` WRITE;
/*!40000 ALTER TABLE `student_Module_Future_Year` DISABLE KEYS */;
INSERT INTO `student_Module_Future_Year` VALUES (1,'21001100','UPO112',0,'registered'),(2,'21001100','ALL121',0,'registered'),(3,'21001100','AIM101',0,'registered'),(4,'21001100','COS132',0,'registered'),(5,'21001100','COS151',0,'registered'),(6,'21001100','COS110',0,'registered'),(7,'21001100','COS122',0,'registered'),(8,'21001100','WTW115',0,'registered'),(9,'21001100','WTW134',0,'registered'),(10,'21001100','WTW146',0,'registered'),(11,'21001100','WTW148',0,'registered'),(12,'21001100','WTW152',0,'registered'),(13,'21001100','STK110',0,'registered'),(14,'21001100','STC122',0,'registered'),(15,'21987435','UPO112',0,'registered'),(16,'21987435','ALL121',0,'registered'),(17,'21987435','AIM101',0,'registered'),(18,'21987435','COS132',0,'registered'),(19,'21987435','COS151',0,'registered'),(20,'21987435','COS110',0,'registered'),(21,'21987435','COS122',0,'registered'),(22,'21987435','WTW115',0,'registered'),(23,'21987435','WTW134',0,'registered'),(24,'21987435','WTW146',0,'registered'),(25,'21987435','WTW148',0,'registered'),(26,'21987435','WTW152',0,'registered'),(27,'21987435','STK110',0,'registered'),(28,'21987435','STC122',0,'registered'),(29,'21209653','UPO112',0,'registered'),(30,'21209653','ALL121',0,'registered'),(31,'21209653','AIM101',0,'registered'),(32,'21209653','COS132',0,'registered'),(33,'21209653','COS151',0,'registered'),(34,'21209653','COS110',0,'registered'),(35,'21209653','COS122',0,'registered'),(36,'21209653','WTW115',0,'registered'),(37,'21209653','WTW134',0,'registered'),(38,'21209653','WTW146',0,'registered'),(39,'21209653','WTW148',0,'registered'),(40,'21209653','WTW152',0,'registered'),(41,'21209653','STK110',0,'registered'),(42,'21209653','STC122',0,'registered'),(43,'21134210','UPO112',0,'registered'),(44,'21134210','ALL121',0,'registered'),(45,'21134210','AIM101',0,'registered'),(46,'21134210','COS132',0,'registered'),(47,'21134210','COS151',0,'registered'),(48,'21134210','COS110',0,'registered'),(49,'21134210','COS122',0,'registered'),(50,'21134210','WTW115',0,'registered'),(51,'21134210','WTW134',0,'registered'),(52,'21134210','WTW146',0,'registered'),(53,'21134210','WTW148',0,'registered'),(54,'21134210','WTW152',0,'registered'),(55,'21134210','STK110',0,'registered'),(56,'21134210','STC122',0,'registered'),(57,'21679835','UPO112',0,'registered'),(58,'21679835','ALL121',0,'registered'),(59,'21679835','AIM101',0,'registered'),(60,'21679835','COS132',0,'registered'),(61,'21679835','COS151',0,'registered'),(62,'21679835','COS110',0,'registered'),(63,'21679835','COS122',0,'registered'),(64,'21679835','WTW115',0,'registered'),(65,'21679835','WTW134',0,'registered'),(66,'21679835','WTW146',0,'registered'),(67,'21679835','WTW148',0,'registered'),(68,'21679835','WTW152',0,'registered'),(69,'21679835','STK110',0,'registered'),(70,'21679835','STC122',0,'registered'),(71,'19003402','COS210',0,'registered'),(72,'19003402','COS212',0,'registered'),(73,'19003402','COS214',0,'registered'),(74,'19003402','COS216',0,'registered'),(75,'19003402','COS221',0,'registered'),(76,'19003402','COS226',0,'registered'),(77,'19003402','COS284',0,'registered'),(78,'19003402','WTW285',0,'registered'),(79,'19003402','STK210',0,'registered'),(80,'19003402','STK220',0,'registered'),(81,'19003402','WST212',0,'registered'),(82,'19003402','WTW146',0,'registered'),(83,'19003402','WTW148',0,'registered'),(84,'19314512','ALL121',0,'registered'),(85,'19314512','COS110',0,'registered'),(86,'19314512','WTW148',0,'registered'),(87,'19003402','WTW285',0,'registered'),(88,'19003402','STK210',0,'registered'),(89,'19003402','STK220',0,'registered'),(90,'19003402','WST212',0,'registered'),(91,'19345678','COS210',0,'registered'),(92,'19345678','COS212',0,'registered'),(93,'19345678','COS214',0,'registered'),(94,'19345678','COS216',0,'registered'),(95,'19345678','COS221',0,'registered'),(96,'19345678','COS226',0,'registered'),(97,'19345678','COS284',0,'registered'),(98,'19345678','WTW285',0,'registered'),(99,'19345678','STK210',0,'registered'),(100,'19345678','STK220',0,'registered'),(101,'19345678','WST212',0,'registered'),(102,'20110921','WTW146',0,'registered'),(103,'20110921','COS110',0,'registered'),(104,'20110921','WTW285',0,'registered'),(105,'20110921','STK210',0,'registered'),(106,'20110921','STK220',0,'registered'),(107,'20110921','WST212',0,'registered'),(108,'20121365','COS210',0,'registered'),(109,'20121365','COS212',0,'registered'),(110,'20121365','COS214',0,'registered'),(111,'20121365','COS216',0,'registered'),(112,'20121365','COS221',0,'registered'),(113,'20121365','COS226',0,'registered'),(114,'20121365','COS284',0,'registered'),(115,'20121365','WTW285',0,'registered'),(116,'20121365','STK210',0,'registered'),(117,'20121365','STK220',0,'registered'),(118,'20121365','WST212',0,'registered'),(119,'20330984','ALL121',0,'registered'),(120,'20330984','COS210',0,'registered'),(121,'20330984','COS212',0,'registered'),(122,'20330984','COS214',0,'registered'),(123,'20330984','COS216',0,'registered'),(124,'20330984','COS221',0,'registered'),(125,'20330984','COS226',0,'registered'),(126,'20330984','COS284',0,'registered'),(127,'20330984','WTW285',0,'registered'),(128,'20330984','STK210',0,'registered'),(129,'20330984','STK220',0,'registered'),(130,'20330984','WST212',0,'registered'),(131,'20334312','COS210',0,'registered'),(132,'20334312','COS212',0,'registered'),(133,'20334312','COS214',0,'registered'),(134,'20334312','COS216',0,'registered'),(135,'20334312','COS221',0,'registered'),(136,'20334312','COS226',0,'registered'),(137,'20334312','COS284',0,'registered'),(138,'20334312','WTW285',0,'registered'),(139,'20334312','STK210',0,'registered'),(140,'20334312','STK220',0,'registered'),(141,'20334312','WST212',0,'registered'),(142,'20444321','COS210',0,'registered'),(143,'20444321','COS212',0,'registered'),(144,'20444321','COS214',0,'registered'),(145,'20444321','COS216',0,'registered'),(146,'20444321','COS221',0,'registered'),(147,'20444321','COS226',0,'registered'),(148,'20444321','COS284',0,'registered'),(149,'20444321','WTW285',0,'registered'),(150,'20444321','STK210',0,'registered'),(151,'20444321','STK220',0,'registered'),(152,'20444321','WST212',0,'registered'),(153,'20458957','COS210',0,'registered'),(154,'20458957','COS212',0,'registered'),(155,'20458957','COS214',0,'registered'),(156,'20458957','COS216',0,'registered'),(157,'20458957','COS221',0,'registered'),(158,'20458957','COS226',0,'registered'),(159,'20458957','COS284',0,'registered'),(160,'20458957','WTW285',0,'registered'),(161,'20458957','STK210',0,'registered'),(162,'20458957','STK220',0,'registered'),(163,'20458957','WST212',0,'registered'),(164,'20556908','WTW146',0,'registered'),(165,'20556908','COS110',0,'registered'),(166,'20556908','WTW285',0,'registered'),(167,'20556908','STK210',0,'registered'),(168,'20556908','STK220',0,'registered'),(169,'20556908','WST212',0,'registered'),(170,'20787621','COS210',0,'registered'),(171,'20787621','COS212',0,'registered'),(172,'20787621','COS214',0,'registered'),(173,'20787621','COS216',0,'registered'),(174,'20787621','COS221',0,'registered'),(175,'20787621','COS226',0,'registered'),(176,'20787621','COS284',0,'registered'),(177,'20787621','WTW285',0,'registered'),(178,'20787621','STK210',0,'registered'),(179,'20787621','STK220',0,'registered'),(180,'20787621','WST212',0,'registered'),(181,'20878909','COS210',0,'registered'),(182,'20878909','COS212',0,'registered'),(183,'20878909','COS214',0,'registered'),(184,'20878909','COS216',0,'registered'),(185,'20878909','COS221',0,'registered'),(186,'20878909','COS226',0,'registered'),(187,'20878909','COS284',0,'registered'),(188,'20878909','WTW285',0,'registered'),(189,'20878909','STK210',0,'registered'),(190,'20878909','STK220',0,'registered'),(191,'20878909','WST212',0,'registered'),(192,'20881212','COS210',0,'registered'),(193,'20881212','COS212',0,'registered'),(194,'20881212','COS214',0,'registered'),(195,'20881212','COS216',0,'registered'),(196,'20881212','COS221',0,'registered'),(197,'20881212','COS226',0,'registered'),(198,'20881212','COS284',0,'registered'),(199,'20881212','WTW285',0,'registered'),(200,'20881212','STK210',0,'registered'),(201,'20881212','STK220',0,'registered'),(202,'20881212','WST212',0,'registered'),(203,'20906752','WTW146',0,'registered'),(204,'20906752','WTW148',0,'registered'),(205,'20906752','STC122',0,'registered'),(206,'20881212','COS210',0,'registered'),(207,'20881212','COS212',0,'registered'),(208,'20881212','COS214',0,'registered'),(209,'20881212','COS216',0,'registered'),(210,'20881212','COS221',0,'registered'),(211,'20881212','COS226',0,'registered'),(212,'20881212','COS284',0,'registered'),(213,'20881212','WTW285',0,'registered'),(214,'20881212','STK210',0,'registered'),(215,'20881212','STK220',0,'registered'),(216,'20998121','WTW148',0,'registered'),(217,'20998121','COS210',0,'registered'),(218,'20998121','COS212',0,'registered'),(219,'20998121','COS214',0,'registered'),(220,'20998121','COS216',0,'registered'),(221,'20998121','COS221',0,'registered'),(222,'20998121','COS226',0,'registered'),(223,'20998121','COS284',0,'registered'),(224,'20998121','WTW285',0,'registered'),(225,'20998121','STK210',0,'registered'),(226,'20998121','STK220',0,'registered'),(227,'20998121','WST212',0,'registered'),(228,'18309378','COS301',0,'registered'),(229,'18309378','COS330',0,'registered'),(230,'18309378','COS332',0,'registered'),(231,'18309378','COS333',0,'registered'),(232,'18309378','IMY310',0,'registered'),(233,'18309378','COS314',0,'registered'),(234,'18309378','COS326',0,'registered'),(235,'18309378','STK353',0,'registered'),(236,'18976142','COS301',0,'registered'),(237,'18976142','COS330',0,'registered'),(238,'18976142','COS332',0,'registered'),(239,'18976142','COS333',0,'registered'),(240,'18976142','IMY310',0,'registered'),(241,'18976142','COS314',0,'registered'),(242,'18976142','COS326',0,'registered'),(243,'18976142','STK353',0,'registered'),(244,'19222056','STK210',0,'registered'),(245,'19222056','COS301',0,'registered'),(246,'19222056','COS330',0,'registered'),(247,'19222056','COS332',0,'registered'),(248,'19222056','COS333',0,'registered'),(249,'19222056','IMY310',0,'registered'),(250,'19222056','COS314',0,'registered'),(251,'19222056','COS326',0,'registered'),(252,'19222108','COS214',0,'registered'),(253,'19222108','COS221',0,'registered'),(254,'19222108','STK220',0,'registered'),(255,'19222108','COS330',0,'registered'),(256,'19222108','COS332',0,'registered'),(257,'19222108','COS333',0,'registered'),(258,'19222108','IMY310',0,'registered'),(259,'19222108','COS314',0,'registered'),(260,'19222108','COS326',0,'registered'),(261,'19304308','COS301',0,'registered'),(262,'19304308','COS330',0,'registered'),(263,'19304308','COS332',0,'registered'),(264,'19304308','COS333',0,'registered'),(265,'19304308','IMY310',0,'registered'),(266,'19304308','COS314',0,'registered'),(267,'19304308','COS326',0,'registered'),(268,'19304308','STK353',0,'registered'),(269,'19423167','COS301',0,'registered'),(270,'19423167','COS330',0,'registered'),(271,'19423167','COS332',0,'registered'),(272,'19423167','COS333',0,'registered'),(273,'19423167','IMY310',0,'registered'),(274,'19423167','COS314',0,'registered'),(275,'19423167','COS326',0,'registered'),(276,'19423167','STK353',0,'registered'),(277,'19449892','STK210',0,'registered'),(278,'19449892','COS301',0,'registered'),(279,'19449892','COS330',0,'registered'),(280,'19449892','COS332',0,'registered'),(281,'19449892','COS333',0,'registered'),(282,'19449892','IMY310',0,'registered'),(283,'19449892','COS314',0,'registered'),(284,'19449892','COS326',0,'registered'),(285,'19455341','COS301',0,'registered'),(286,'19455341','COS330',0,'registered'),(287,'19455341','COS332',0,'registered'),(288,'19455341','COS333',0,'registered'),(289,'19455341','IMY310',0,'registered'),(290,'19455341','COS314',0,'registered'),(291,'19455341','COS326',0,'registered'),(292,'19455341','STK353',0,'registered'),(293,'19678423','COS301',0,'registered'),(294,'19678423','COS330',0,'registered'),(295,'19678423','COS332',0,'registered'),(296,'19678423','COS333',0,'registered'),(297,'19678423','IMY310',0,'registered'),(298,'19678423','COS314',0,'registered'),(299,'19678423','COS326',0,'registered'),(300,'19678423','STK353',0,'registered'),(301,'19894586','COS301',0,'registered'),(302,'19894586','COS330',0,'registered'),(303,'19894586','COS332',0,'registered'),(304,'19894586','COS333',0,'registered'),(305,'19894586','IMY310',0,'registered'),(306,'19894586','COS314',0,'registered'),(307,'19894586','COS326',0,'registered'),(308,'19894586','STK353',0,'registered'),(309,'12345678','TST123',88,'pass'),(312,'12345678','COS110',0,'registered'),(313,'12345678','COS110',0,'registered'),(320,'87654321','LOJ456',0,'registered'),(322,'12345678','AIM101',0,'registered');
/*!40000 ALTER TABLE `student_Module_Future_Year` ENABLE KEYS */;
UNLOCK TABLES;

--
-- Table structure for table `venue`
--

DROP TABLE IF EXISTS `venue`;
/*!40101 SET @saved_cs_client     = @@character_set_client */;
/*!50503 SET character_set_client = utf8mb4 */;
CREATE TABLE `venue` (
  `venue_Name` varchar(30) NOT NULL,
  `Capacity` int(4) NOT NULL,
  `ExamCapacity` int(4) NOT NULL,
  PRIMARY KEY (`venue_Name`)
) ENGINE=InnoDB DEFAULT CHARSET=utf8;
/*!40101 SET character_set_client = @saved_cs_client */;

--
-- Dumping data for table `venue`
--

LOCK TABLES `venue` WRITE;
/*!40000 ALTER TABLE `venue` DISABLE KEYS */;
INSERT INTO `venue` VALUES ('AE Annex',280,140),('AE du Toit Auditorium',600,320),('Agric Annex 2-18',70,35),('Centenary 1',300,150),('Centenary 2',300,150),('Centenary 3',300,150),('Centenary 4',300,150),('Centenary 5',300,150),('Centenary 6',300,150),('Consult Dept',500,500),('EMS 2-150',200,103),('EMS 2-151',200,103),('EMS 4-150',200,103),('EMS 4-151',200,103),('EMS 4-152',300,150),('ENG 3-1',460,180),('ENG 3-2',160,75),('ENG 3-3',160,75),('ENG 3-4',160,75),('ENG 3-5',160,75),('ENG 3-6',460,180),('ENG 3-7',500,220),('Geography 1-2',100,50),('Geography 2-9',100,50),('HB 1-10',30,0),('HB 1-12',42,0),('HB 1-13',42,0),('HB 1-4',72,0),('HB 1-5',35,0),('HB 1-6',42,0),('HB 1-7',42,0),('HB 3-14',81,40),('HB 3-15',126,60),('HB 3-23',126,60),('HB 3-24',81,40),('HB 4-1',220,120),('HB 4-10',66,30),('HB 4-11',66,30),('HB 4-12',137,60),('HB 4-13',104,50),('HB 4-14',104,50),('HB 4-15',104,50),('HB 4-16',50,25),('HB 4-2',307,165),('HB 4-3',220,120),('HB 4-5',50,20),('HB 4-6',104,55),('HB 4-7',104,55),('HB 4-8',104,50),('HB 4-9',137,60),('Informatorium Blue lab 1',40,38),('Informatorium Brown lab',80,78),('Informatorium SIT 1 lab',80,78),('IT 2-23',313,150),('IT 2-24',102,50),('IT 2-25',125,60),('IT 2-26',200,115),('IT 4-1',313,150),('IT 4-2',102,50),('IT 4-3',124,54),('IT 4-4',225,118),('IT 4-5',311,150),('Kirkman building',856,350),('Large Chemistry',580,260),('Law Building 1-31',60,30),('Law Building 1-54',250,100),('Law Building 2-42',50,25),('Law Building 2-9',50,25),('Louw Hall',400,180),('Muller Hall',230,110),('North Hall',260,110),('Roos Hall',580,280),('South Hall',60,110),('TBA',600,600),('Te Water Hall',230,110),('Test Venue',0,0),('Theology 1-19',84,40),('Theology 1-25',170,80),('Theology 1-28',74,40),('Theology 1-9',144,70),('Theology 2-1',120,60),('Thuto 1-1',600,300),('Thuto 1-2',600,300),('Thuto 3-1',600,300),('Thuto 3-2',600,300),('Van der Bijl Hall',300,150);
/*!40000 ALTER TABLE `venue` ENABLE KEYS */;
UNLOCK TABLES;

--
-- Dumping events for database 'u19304308_IKS_Database'
--

--
-- Dumping routines for database 'u19304308_IKS_Database'
--
/*!40103 SET TIME_ZONE=@OLD_TIME_ZONE */;

/*!40101 SET SQL_MODE=@OLD_SQL_MODE */;
/*!40014 SET FOREIGN_KEY_CHECKS=@OLD_FOREIGN_KEY_CHECKS */;
/*!40014 SET UNIQUE_CHECKS=@OLD_UNIQUE_CHECKS */;
/*!40101 SET CHARACTER_SET_CLIENT=@OLD_CHARACTER_SET_CLIENT */;
/*!40101 SET CHARACTER_SET_RESULTS=@OLD_CHARACTER_SET_RESULTS */;
/*!40101 SET COLLATION_CONNECTION=@OLD_COLLATION_CONNECTION */;
/*!40111 SET SQL_NOTES=@OLD_SQL_NOTES */;

-- Dump completed on 2020-05-05  0:12:11
